block	index	original_ja	translation_zh
0	0	ここは村の長がおられる場所だGN他の村の者が入ることは許さん	這裡是村長所在之處GN其他村子的人不得進入
0	1	しつこい奴だな！WNとっとと向こうへ行け！	真是糾纏不休！WN快給我滾到一邊去！
0	2	この村はイズモの村GN葦原中国の中でも指折りの大きな平野を持つ、豊かC003	這裡是出雲村GN擁有葦原中國數一數二的遼闊平原，是個富庶C003
0	3	な村ですわ	的村子
0	4	となりの村はタギシの村GN昔からこのイズモの村とは仲のよい村ですわ	隔壁是多藝志村GN自古以來就與出雲村交情很好
0	5	タギシの長に事情を話せば力を貸してくれると思いますよ	只要向多藝志的村長説明情況，想必會願意相助
0	6	最近この村の長のタケヒラトリは様子がおかしい…GNまるで何かにC007	最近村長建比良鳥的樣子很不對勁…GN簡直像是被什麼C007
0	7	憑かれてしまったような…GXいったい何が起こるのだろうなあ…	東西附身了一般…GX究竟會發生什麼事…
0	8	この村の東にタギシという小さな村があるGこのイズモとも以前は仲がC009	這村子東邊有個叫多藝志的小村G從前與出雲的交情也C009
0	9	よい村だったのだが、最近タケヒラトリ様はタギシを攻める準備をしていC010	很不錯，但最近建比良鳥大人似乎正在準備攻打多藝志C010
0	10	るらしいのだGNどうしてこうなってしまったのだろうか…	真教人不解GN究竟為何會變成這般模樣…
0	11	これでタギシの村と争わずに済んだわけだGしかしこれからも各地でC012	這下總算不必與多藝志村兵戎相見了G但今後各地想必仍會C012
0	12	争いが起こるのであろうなあ…	不斷有爭端發生…
0	13	早く争いのない世の中になるといいですなU様！	但願早日迎來沒有紛爭的世道，U大人！
0	14	タギシの村はこのイズモと比べて、かなり小さな村だGNこのイズモが攻めC015	多藝志村與出雲相比小得多GN若是出雲出兵C015
0	15	ればひとたまりもないだろうGNただ昔はお互いに助け合ってきたのだが…	他們毫無招架之力GN只是從前兩村一直互相扶持…
0	16	すべての村をひとつにまとめるには、武力だけでは難しいでしょうGX村のC017	要將所有村落合而為一，光靠武力是做不到的GX村長之C017
0	17	長の中には話し合いに応じない者もいるでしょうが、まず話をすC018	中雖也有不願談判的人，但總該先試著C018
0	18	ることですGN戦争をすれば大切な人の命が失われるのですから…	談一談GN一旦開戰，重要之人的性命便會失去…
0	19	これからは、皆でよい世の中にするためにがんばりましょう！	今後就讓大家一同努力，打造一個美好的世道！
0	20	この老人の話を聞きたいのか？Y	想聽這老朽説説話麼？Y
0	21	そうか…　Wしかし破壊神スサノオの復活がささやかれているようじゃNC022	是麼…　W不過近來傳聞破壞神須佐之男將要復活NC022
0	22	注意なされよ…	可要多加當心…
0	23	古くからの言い伝えでは、世界の最初には何人かの神々がお生まれになっC024	古老的傳説中，世界之初誕生了幾位C024
0	24	たGNそして神々はこの大地をお創りになり、次に二人の神を召されたのC025	神明GN衆神創造了這片大地，接著又召來兩位C025
0	25	じゃGX一人は光、そして創造の神アマテラスWN一人は闇、そして破壊の神C026	神祇GX一位是光與創造之神天照WN一位是闇與破壞之神C026
0	26	スサノオGX二人はわしらのような人間達を生み、そして文化を与え、人々C027	須佐之男GX二神造出我等這般的人類，並賜予文化，人們C027
0	27	は増えていったGXしかし、Wある時スサノオはアマテラス様に反乱を起こC028	便日漸繁衍GX然而，W某日須佐之男對天照大神舉兵叛C028
0	28	したのじゃGX二人の争いは長きに渡り、世界は乱れに乱れたGNやがて激しC029	亂GX二神之爭持續久遠，世界陷入大亂GN終於在一場激C029
0	29	い争いの果てにスサノオは力尽き、地中深くに閉じ込められたのじゃGX世C030	戰之後，須佐之男力竭，被封入地底深處GX世C030
0	30	界は光に満ち溢れて人々は豊かになり、そして今の我々があるのだそうじC031	界重獲光明，人們日漸富足，才有了如今的我C031
0	31	ゃGXただし人々の心が乱れる時、再び破壊神スサノオはよみがえるというC032	們GX只是當人心大亂之時，破壞神須佐之男便會再度甦醒C032
0	32	GN他の村の長の中には村々の争いに勝つために、スサノオの力を借りよC033	GN聽説別村的村長中，有人為了在村落之爭中取勝，想借助須佐之男C033
0	33	うとしている者もいるそうじゃ…GX欲深い者達のために本当にスサノオがC034	之力…GX若因那些貪婪之徒，須佐之男當真C034
0	34	よみがえり世界が滅びてしまうかもしれんのう…	甦醒，世界恐怕就要毀滅了…
0	35	…WU様ですか？Y	…W是U大人麼？Y
0	36	そうですか…W　人違いだったか…	這樣麼…W　是我認錯人了…
0	37	私はこの村の武人のタケミナカタと申すものですGN妙な事を言うようですC038	在下是這村裡的武人，名叫建御名方GN説來或許有些奇C038
0	38	が、実は先日私の夢枕に光に包まれた女神が現れたのですGXそしてこの村C039	怪，前些日子有位身披光芒的女神現於我夢中GX並告知有位C039
0	39	を訪れるUという若者を助け、イズモをその若者に譲り渡すように、といC040	名叫U的年輕人將造訪此村，要我助他，並將出雲讓與C040
0	40	うお告げを受けたのですGXそれで今日あなたの顔を見て、この人ではと、C041	他GX今日見到汝的面容，心想莫非就是這位，便C041
0	41	声をかけたのですGXところであなたにお会いできたら、この村の長のタケC042	出聲喚住了汝GX原本想著若能相見，便帶汝去見村長建C042
0	42	ヒラトリの所にお連れしようと思っていたのですが…GXW…W実はタケヒラC043	比良鳥，可是…GXW…W其實建比良C043
0	43	トリは最近様子がおかしいのですGX以前は民のためによく尽くす方でしたC044	鳥最近很不對勁GX從前是位為民盡心盡力的人C044
0	44	GNしかし、W黄泉の国に続くという洞窟にスサノオの噂を確かめに行くとC045	GN然而，W自從他説要去那通往黄泉之國的洞窟査證須佐之男的傳聞C045
0	45	出かけてから、人が変わってしまったのですGXまるで何かにC046	而出門之後，整個人就變了GX簡直像是被什麼C046
0	46	取り憑かれたように争いを好んで…GN最近では仲のよかったタギシC047	東西附身一般地好戰…GN近來甚至説要攻下交情向來不錯的多藝C047
0	47	の村を攻め取るなどと言い出して…GXW…Wとにかく長の所に行きC048	志村…GXW…W總之先去村長那裡C048
0	48	ましょうGNもし…　Wいざという時は私が命にかけてあなたをお守りします	一行GN若是…　W真到了危急之時，在下必以性命護汝周全
0	49	！！！？	！！！？
0	50	フフフ…　WとうとうやってきたなNUよ！GXこの葦原中国を救いに来たつC051	呵呵呵…　W總算是來了NU呀！GX想必是來拯救這葦原中國的C051
0	51	もりだろうがWスサノオ様の邪魔をさせる訳にはいかんぞGXもうすぐこのC052	打算W但休想妨礙須佐之男大人GX再過不久這個C052
0	52	世界は大戦乱になり、スサノオ様が復活するのだ！GXさあ、Uよここで消C053	世界就要陷入大戰亂，須佐之男大人即將復活！GX來，U便在此C053
0	53	えてもらおうか！	給我消失！
0	54	うっW…W…W…GN私はどうしていたのか…WNしかし、W心を覆っていたものC055	唔W…W…W…GN我方才是怎麼了…WN但是，W籠罩心頭之物C055
0	55	が消えたような清々しい気W…W分W…Wだ…W…W…	彷彿消散了，心情格外清W…W爽W…W了…W…W…
0	56	もう手遅れのようです…GN本当は平和を望むよいお方であったのに…	似乎已經太遲了…GN他原本是位嚮往和平的好人…
0	57	こうなった以上はあなたを信じていくしかありません…GNどうかこのイズC058	事已至此，便只能信任汝了…GN還請汝成為出C058
0	58	モの指導者となってくださいGXそしてこれからは大国主として、この葦原C059	雲的領導者GX今後請以大國主之身，將這葦原C059
0	59	中国を破滅から救ってください！GXさあ、みんな持ち場に付けWNこれからC060	中國自毀滅中拯救出來！GX來，各位各就各位WN今後C060
0	60	はU様の下で世界を救うために働こう！	就在U大人麾下，為拯救世界而效力！
0	61	さあ、U様Nまずはこのイズモを強い国に育てて、すべての足掛りとしてくC062	來，U大人N首先請將出雲培育成強國，作為一切的立足C062
0	62	ださい	之本
0	63	村への命令は村の中央にある大きな家の中で、いつでも行なえるようになC064	對村子的命令，隨時都能在村子中央的大屋中下達C064
0	64	っていますGX一年の方針を定めて、それに従って効率良く命令を出してくC065	這一點GX請先定下一年的方針，再依此有效率地下達命C065
0	65	ださいGNまずは一通りの命令を見てくださいGX当面イズモでは稲作が始まC066	令GN請先把各項命令都看過一遍GX目前出雲已開始種C066
0	66	っているので、この強化をするなど食料供給の安定に努めてくださいGX食C067	稻，請設法強化它，致力於穩定糧食供給GX糧C067
0	67	料の供給は人口を増やすために一番重要なことですので、肝に銘じておいC068	食供給是増加人口最重要的一環，請務必銘記在C068
0	68	てくださいGX食料供給が安定し、人口が増えて村の力が強くなっても、戦C069	心GX即使糧食供給穩定、人口増長、村力強盛，戰C069
0	69	争は人口の大きな減少につながりますGN他の村の長と話し合いをしてC070	爭仍會導致人口大幅減少GN請先與別村的村長談過C070
0	70	それでもだめな場合の最後の手段としてくださいGN無駄な血を流してはいC071	若仍不成，再將其作為最後手段GN切莫讓人白白流C071
0	71	けませんGX大体理解していただけましたか？GNなんでしたらもう一度説明C072	血GX大致上都明白了麼？GN若有需要，我再説明一C072
0	72	しましょうか？Y	次如何？Y
0	73	それでは私もU様の仲間として、一緒に働かせていただきます	那麼就讓在下也以U大人同伴的身分，一同效力
0	74	F005タケミナカタが仲間に加わった！F007	F005建御名方加入了同伴！F007
0	75	この村には鍛冶屋があるんだよN鉄鉱や銅鉱などを手に入れたら、武器やC076	這村裡有間鐵匠鋪N取得鐵礦或銅礦之後，就能請他們打造武C076
0	76	防具にしてもらえるよGNただ鍛冶の技術力が高い村じゃないとよい物はC077	器或防具GN不過若非鍛冶技術高明的村子，恐怕做不出好C077
0	77	作れないかもね	東西
0	78	ほっほっほっW　まったく米というものはおいしいものじゃのうGN長生きC079	呵呵呵W　這米飯實在是美味得很GN活得長久C079
0	79	してよかったわい	真是太好了
0	80	ああ…W　戦争は嫌だなあ…GN兵士になんかなるんじゃなかったよ	嗚呼…W　真討厭打仗…GN當初真不該去當兵的
0	81	戦争をしないでよくなったんですね！GNこれからは平和を守る兵士になりC082	不用打仗真是太好了！GN今後我要當個守護和平的兵C082
0	82	ます！	士！
0	83	さあ、行きましょうU様！	來，我們走U大人！
0	84	私は横の兵士を相手しますNU様は長を！	在下來對付旁邊的兵士NU大人請對付村長！
0	85	すべての村が豊かにならなければ、スサノオの力は弱まらないといいますC086	據説除非所有村落都富足起來，須佐之男之力才會衰減C086
0	86	ぞGX新たに村を手に入れたら、まずはその村の経営を行なって、人口が増C087	呀GX取得新的村落後，首先要經營該村，使其人口C087
0	87	えるように指導を行なうことですな	増長，並加以指導
0	88	宝物庫の中には、鍛冶や玉造などの職業の生産の過程で時々できるよい物C089	寶物庫中會收藏鍛冶、玉造等職業生産過程中偶爾做出的好C089
0	89	などが収められますGN時々、自分の村の宝物庫を見てみるといいですよGNC090	東西GN不妨偶爾去看看自己村子的寶物庫GNC090
0	90	他の村の宝物庫に入ると怒られますけどね	不過闖進別村的寶物庫可是會被罵的
1	0	ここはタギシの村だNここから東に行くとスガの村がある	這裡是多藝志村N從這裡往東走有個須賀村
1	1	しかし最近は物騒で村の行き来もままならんよ…	但最近世道不平靜，連村與村的往來都不便…
1	2	わしらが安心して行き来できるような平和な世の中にしてくださいよ！WNC003	請為我們打造一個能安心往來的太平世道！WNC003
1	3	U様！	U大人！
1	4	イズモの村では長のタケヒラトリが倒れたらしいが、それは本当か？Y	聽説出雲村的村長建比良鳥倒下了，這是真的麼？Y
1	5	そうか、これでこの村も攻められないですむ…GN戦争などしてC006	是麼，這下這村子也不會被攻打了…GN這村子可沒有C006
1	6	いる余裕はこの村にはないからのう	打仗的餘裕呀
1	7	そうか…　Wそれではいよいよイズモが攻めてくるのか…GN困ったのう…	是麼…　W那麼出雲終究還是要打過來了…GN真教人頭疼…
1	8	これからはまたイズモと仲良くできるわけですなGNこれもU様のおかげでC009	今後又能與出雲和睦相處了GN這都多虧了U大人C009
1	9	す	呀
1	10	このタギシの村では狩りが盛んだNなにせ山に囲まれているからなGNしかC011	多藝志村狩獵興盛N畢竟四面環山GN不過C011
1	11	し、山の幸が少ない年などは冬に食料がなくなり、困ってしまうのだGXこC012	山貨歉收的年頭，到了冬天便缺糧，很是難熬GX若是這C012
1	12	の村でも米を作ることができればよいのだが…	村子也能種稻就好了…
1	13	これからはこの村にも大勢の人が住めるように、良い指導をお願いしますC014	今後也請好好指導，讓這村子能住下更多人C014
1	14	よGN私達もお役に立って見せますから！	呀GN我們也會證明自己派得上用場！
1	15	今日の猟も幸に恵まれるといいですな	但願今日的狩獵也能有好收穫
1	16	私達の食べ物は山での狩猟、W海での漁労、W木の実などを拾う採集、そしC017	我們的食物來自山中狩獵、W海上漁撈、W拾取果實的採集，以C017
1	17	て稲を育てる稲作の四つで賄われていますGXそれぞれの村はその土地の特C018	及種稻的稻作這四種GX各村似乎都依土地的特C018
1	18	徴に会わせて食料の生産を行なっているようですよ	性來進行糧食生産
1	19	イズモが攻めてくるんじゃ、猟もしてられないなGNまったく困ったもんだC020	出雲要打過來，連狩獵都無心了GN真是傷腦筋C020
1	20	よGN動物を射るのはまだしょうがないけど、人を射るのはね…	呀GN射野獸也就罷了，射人可就…
1	21	昨日も獲物が捕れなかったんだ…GNこのままじゃ、冬を越せるか心C022	昨日也沒獵到東西…GN再這樣下去，能否熬過冬天真教人擔C022
1	22	配だな	心呀
1	23	今日は三頭も鹿をしとめたんだGNまあ、おれの腕のおかげではあるけれどC024	今日獵到了三頭鹿GN雖説多半是靠我的本事，不過C024
1	24	もありがたいことだよ	也真是謝天謝地
1	25	おや…W　あなたが大国主のU様ですかGN噂ではあのタケヒラトリを倒したC026	呀…　W閣下就是大國主U大人麼GN聽聞是閣下撃倒了建比良鳥C026
1	26	とお聞きしていますが…	不知是否屬實…
1	27	SUF005は今までの事情をタギシの長のヒノカタビコに話した…F007	SUF005向多藝志的村長日之方彦説明了來龍去脈…F007
1	28	そうですか、Wタケヒラトリはスサノオに…WそういうことだったのですC029	原來如此，W建比良鳥是被須佐之男…W竟是這麼回事C029
1	29	か…GX以前はこのタギシの村とイズモは仲がよかったのですGNしかし最近C030	呀…GX多藝志村與出雲從前交情很好GN可是最近C030
1	30	になってこの村を攻めるといったような噂があり、我々もやむなく迎え撃C031	傳出他們要攻打本村的風聲，我們也只好準備迎C031
1	31	つ準備をしていたのですが…GX…Wまあ、これで我々は無駄な戦いをせずC032	戰…GX…W罷了，這下我們總算不必打這場無謂的C032
1	32	に済んだわけですなGNそれでは、WこれからはこのタギシもU様におまかせC033	仗了GN那麼，W今後多藝志也就託付給U大人C033
1	33	することにしましょうGXこの世界から争いをなくすためにはあなたのようC034	了GX要讓這世上再無紛爭，正需要像閣下這C034
1	34	な素晴らしい指導者が必要なのですGX小さな村ですが、人々が多く住C035	般出色的領導者GX雖是小村，也請讓它成為能住下C035
1	35	めるよい村にしましょう！	許多人的好村子！
1	36	SF005タギシの村を譲り受けた！！F007	SF005接收了多藝志村！！F007
1	37	それでは少し準備がありますので、外でお待ちくださいGN村人の話でもC038	我這邊還要稍作準備，請在外頭稍候GN不妨聽聽村民C038
1	38	聞いて、それからでもまたおいでください	説説話，之後再過來也不遲
1	39	おや？W　見なれぬ顔のお客様じゃのGNスクナビコナ様についC040	呀？W　是張沒見過的生面孔GN想知道少名毘古那C040
1	40	て知りたいのかい？Y	的事麼？Y
1	41	そうかい、それならわしには用はないじゃろうGN帰った、帰った	是麼，那老朽這兒就沒事了GN回去回去
1	42	それじゃあ、話をしてあげようかのうGXこのスクナビコナという道具にC043	那麼，老朽便説與汝聽GX這件名叫少名毘古那的道具C043
1	43	は小さな小さな神様が宿っておるのじゃGNそしてこの神様は作物の実りをC044	中，寄宿著一位極小極小的神明GN這位神明掌管著作物的收C044
1	44	司っておるWだからこの神様にお願いをすれば作物の豊作が約束されるとC045	成W因此只要向這位神明祈願，便能保證作物豐收C045
1	45	いうわけじゃGXしかし、お願いは一回きりしか聞いてくれんので、今までC046	這麼一回事GX不過祈願只聽一次，所以至今C046
1	46	誰もお願いする者はいなかったというわけじゃGXまあ、こんな話を信じC047	都沒人去許過願GX罷了，信不信這種C047
1	47	るかはおぬし次第じゃがのうGXそれじゃ、帰った帰ったGNわしはもう眠くC048	話就看汝自己了GX好了，回去回去GN老朽已經倦C048
1	48	なってしまったわい	得不行了
1	49	…	…
1	50	おや？　WまたおまえさんかいGN今日は何の用じゃな？	呀？　W又是汝呀GN今日有何貴幹？
1	51	SUF005は事情を老人に話した…F007	SUF005向老人説明了來龍去脈…F007
1	52	ふむふむ…　Wそうか…WNそういう訳じゃったのか…GXううむ…W…W…WNC53	唔唔…　W原來如此…WN竟是這麼回事…GX唔…W…W…WNC53
1	53	よし！W　世界を救うという大国主様のためなら仕方がありませんなGNこC054	好！W　既是為了拯救世界的大國主大人，那也沒法子GN這C054
1	54	のスクナビコナをお譲りしましょうGXわしが後生大事に持っていても何にC055	件少名毘古那就讓與汝GX老朽就算寶貝似地收著也毫無C055
1	55	もならないのですからなGNさあ、持って行ってくだされU様！	用處GN來，請拿去U大人！
1	56	ス	少
1	57	それではすぐにスガの村に行き、村の中でスクナビコナを使ってC058	那麼請立刻前往須賀村，在村中使用少名毘古那C058
1	58	くだされGXお願いすればきっと聞いてくれるはずじゃWうまくC059	才是GX只要祈願，想必定會應允W若是順C059
1	59	いったらこの爺にも知らせてくだされGXこれを持っていたのはいいが、使C060	利，也請告訴老朽一聲GX東西雖然收著，卻從沒用C060
1	60	ったことはなかったのでな…WN本当に神様がいるのか知りたいのじゃよGXC061	過…WN老朽也想知道神明是否真的存在GXC061
1	61	わっはっはっ　Wさあ、お行きなされ	哇哈哈　W來，快去
1	62	良い知らせを待ってますぞU様！	老朽等著好消息U大人！
1	63	やはり神様はいたのじゃな…GNよかったよかった…	神明果然是存在的…GN太好了太好了…
1	64	おや？W　またおまえさんかいGN話を聞きに来たのかね？Y	呀？W　又是汝GN是來聽老朽説話的麼？Y
1	65	採集の仕事は簡単だけど、あまり効率がよくないねGX狩猟は技術力がないC066	採集的活計簡單，但效率不太好GX狩獵若沒有技術力C066
1	66	とたくさんの収穫は得られないし、やはりやがては稲作が食料生産の中心C067	也收穫不多，終究還是稻作會成為糧食生産的中C067
1	67	になるのかな	心呀
2	0	この村のとなりはイナバの村だよGNでも今イナバには山賊が現れるっていC001	這村子隔壁是因幡村GN不過聽説最近因幡有山賊出C001
2	1	うから、イナバに行くんだったら気を付けたほうがいいよ	沒，要去因幡的話最好小心些
2	2	U様！　W山賊を退治したんですってね？NWえ？！　その山賊は仲間にC003	U大人！　W聽聞討伐了山賊？NW什麼？！　那些山賊成了C003
2	3	なったって！GNさすがに度量が広いですなあ	同伴！GN果然是度量寛大呀
2	4	今年の稲の収穫が楽しみですな	真期待今年稻米的收成呀
2	5	イズモの村に大国主が現れたらしいね…GN本当にすべての村をまとめる力C006	聽説出雲村出了位大國主…GN真有統合所有村落的力C006
2	6	があるのだろうかGNまあ、よい世の中にしてもらいたいもんだ	量麼GN罷了，總之希望能換來一個好世道
2	7	あなたが大国主様だったとは…WN意外と若い方だったのですねGNもっと年C008	原來閣下就是大國主大人…WN沒想到竟如此年輕GN我還以為是位年C008
2	8	寄りなのかと思いましたよGXおっと！こりゃ失礼W　わっはっはっは	長者GX呀！這可失禮了W　哇哈哈哈
2	9	今年は村総出で米作りをしたんだNなんせ初めてだったから大変だったよC010	今年全村出動種了米N畢竟是頭一遭，可真是辛苦C010
2	10	GNこれで冬の食べ物に困らないって長は言ってたけど…W　本当かなあ？	GN村長説這下冬天就不愁吃的了…W　真的麼？
2	11	稲の育ちもすごく良くなったみたいだよGNこれでやっと一安心だぁ	稻子長得也好多了GN這下總算能安心了
2	12	稲作は安定すれば十分以上の収穫が得られるだろうGNしかし、まだこの村C013	稻作一旦穩定，收穫應當綽綽有餘GN只是以這村子現在C013
2	13	の技術と耕地では期待するほどの収穫は得られないと思うのだGX今年は猟C014	的技術與耕地，恐怕收不到期望的量GX今年還抽調了獵C014
2	14	師達の人手も割いてしまったし…W今年の冬は厳しくなりそうだ…	人的人手…W今年的冬天看來會很難熬…
2	15	おお！　U様よWNこの度はありがとうございましたGX耕地もすっかり豊かC016	呀！　U大人WN這次真是多謝了GX耕地也變得十分肥C016
2	16	に肥えて、これで村人全員が冬をしのげそうです	沃，這下全村都能熬過冬天了
2	17	これからもよろしくお願いしますよ！NU様！	今後也請多多關照！NU大人！
2	18	タギシの村には変わったじいさんがいるらしいなGNたいそう珍しいものをC019	聽説多藝志村有個古怪的老頭GN據説他有件稀奇的C019
2	19	持ってるそうだが自慢話だけでそれを使わせてくれないらしいGXそんなC020	東西，卻只顧著誇耀，不肯讓人用GX真有那麼C020
2	20	に珍しいものなのかね	稀奇的東西麼
2	21	そうか、じいさんの持ってたものには神様が宿っていたのか…GNそれでC022	原來如此，老頭那件東西裡住著神明呀…GN所以才C022
2	22	一回きりしか使えないというわけか…GX変な憶測をして悪かったなあWNC023	只能用一次呀…GX我胡亂揣測，實在抱歉WNC023
2	23	ケチなじいさんだなどと思った自分が恥ずかしいよ	竟把他當成小氣的老頭，真是慚愧
2	24	事実を知りもしないで、憶測や噂で物事を判断してはいけませんな	不明事實便憑揣測與傳聞斷事，可要不得呀
2	25	我々はイズモと争うつもりはないGNしかし、大国主としての資格が本当にC026	我們無意與出雲為敵GN只是想看看是否真有身為大國主的C026
2	26	あるのかを見せて欲しいものだGXそうすれば皆もイズモと共に行動するこC027	資格GX如此一來，大家也不會反對與出雲共同C027
2	27	とに異存はないだろう	行動了
2	28	奇跡は本当にあるのですなGN一晩で耕地があれほど変わるとは信じられまC029	奇蹟果真是存在的呀GN一夜之間耕地竟有這般變化，簡直難以置C029
2	29	せんGXこれで大国主様の力を信じていけますNがんばりますのでよろしくC030	信GX這下我能相信大國主大人的力量了N我會努力的，請多關C030
2	30	お願いします	照
2	31	よい世界になるようにがんばりましょう	讓我們一同努力，換來一個好世界
2	32	大国主のU様ですね…GNあなたが各村を葦原の平和のためにまとめているC033	閣下便是大國主U大人…GN為了葦原的和平而統合各村C033
2	33	という話は聞き及んでおりますGX私もむろん協力するつもりですが、まC034	的事，我已有耳聞GX我自然願意協助，但C034
2	34	ずは私の話をお聞きくださいGX我々は去年から毎年の食料難を解消するC035	請先聽我説説GX為了解決年年的糧荒，我們自去年C035
2	35	ために村をあげて、稲作に取り組んだのですGXこのスガには広い土地はあC036	起便全村投入稻作GX須賀雖有C036
2	36	るのですが、稲作の技術が低いために十分に稲が実るほど耕地が肥えていC037	廣闊的土地，但稻作技術低落，耕地不足肥沃，結不出足量的C037
2	37	ないのですGXこのままでは今年の秋の収穫は期待できませんGNそして冬にC038	稻穗GX這樣下去今年秋收無望GN到了冬天C038
2	38	はひどいことに…GX…Wそうなってしまえば、私は村人のやりだまにあげC039	情況會很慘…GX…W真到那時，我恐怕會成為村人的衆矢之C039
2	39	られてこの村を追われることでしょう…GNですから今すぐにでも村をU様C040	的，被逐出這村子…GN所以就算現在立刻把村子讓給U大人C040
2	40	にお譲りしてもよいのですGXしかし私は村のために稲を育てることが必要C041	也無妨GX但我希望村人能明白，為了村子，種稻是必C041
2	41	だということを村人達に理解してもらいたいのですGNまたこのことがU様C042	要的GN我也認為此事對U大人C042
2	42	の今後の村の指導に役立つとも思いますGX…Wどうかこの村の耕地の価値C043	今後治理村子會有助益GX…W懇請以汝之力，提升這村子耕地的價C043
2	43	をあなたのお力で上昇させてくださいGNそしてそれが現実になったとき、C044	値GN待這成為現實之時，C044
2	44	この村をお譲りしましょうGN無理なお願いとは思いますがどうかよろしくC045	便將這村子讓與汝GN我知這是強人所難，但還請多多關C045
2	45	お願いします	照
2	46	これは噂なのですが、神が宿っているといわれる道具がC047	這只是傳聞，據説有件寄宿著神明的道具C047
2	47	耕地を富ませるという話を聞いたことがありますGX神頼みなどとはC048	能使耕地豐饒GX雖説求神拜佛C048
2	48	思いますが、その道具を探してみてはどうでしょうか？	不太可靠，但不妨找找那件道具如何？
2	49	よろしく頼みますぞU様！	就拜託了U大人！
2	50	おお、U様N噂の道具を手に入れたのですね？GN本当に効果があC051	呀，U大人N傳聞中的道具到手了麼？GN是否真有效C051
2	51	るのか早く使ってみてくださいGXだめならばほかの手段を考えなければなC052	用，請快些試試GX若是不成，就得再想別的C052
2	52	らないのですから…	法了…
2	53	お待ちしておりましたぞU様！GN耕地は見事に豊かになりましたGXこれでC054	恭候多時了U大人！GN耕地變得無比肥沃GX這下C054
2	54	この村の住民も救われましたGNさあ、この村をお治めください！	這村子的居民也得救了GN來，請治理這座村子！
2	55	SUF005はスガの村を譲り受けた！！F007	SUF005接收了須賀村！！F007
2	56	それでは準備がありますので、一度外に出てからまたお越しくださいGX民C057	我這邊還要準備，請先到外頭走走再過來GX村C057
2	57	も喜んでおりますので、話でもしてやってくださいGNそれではまた！	民們也很高興，不妨與他們説説話GN那麼，回頭見！
2	58	古き船に封じられし、私を呼び起こすものは誰ぞ…GX私の名はスクナビコC059	封於古舟之中的我，是誰將我喚醒…GX吾名少名毘古C059
2	59	ナ、豊饒を司る神GN何の用ありて、私を呼ぶのか…	那，司掌豐饒之神GN有何事相求，喚吾前來…
2	60	SUF005は小さな神に事情を話した…F007	SUF005向小小的神明説明了來龍去脈…F007
2	61	…よかろう、Wこの私も、いよいよ常世に渡る時が来たGNそなたの望みをC062	…也罷，W吾也到了該渡往常世的時候GN便成全汝的願C062
2	62	かなえよう…	望…
2	63	SF005スクナビコナはいなくなったGN永遠の時が流れるという、常世の国C064	SF005少名毘古那消失了GN是渡往了那時間永恆流轉的常世之C064
2	64	に渡ったのであろうか…GXしかし、スクナビコナの放った光はスガの村のC065	國麼…GX然而少名毘古那所放出的光芒，將須賀村的C065
2	65	水田を豊饒の金色に変化させた…F007	水田化作了豐饒的金黄色…F007
2	66	村を離れる時には、かならず誰かに村の経営を委任していってくださいねC067	離開村子時，務必將村子的經營委任給某個人C067
2	67	GN指示をしてくれる人がいないと我々も困ってしまいますからね	GN沒人下指示，我們也會不知所措的
3	0	この村はイナバの村GN最近、山賊が村を襲いに来るので注意してくださいね	這裡是因幡村GN最近有山賊來襲，請多加小心
3	1	この村を出て、東に行くとタジマの村がありますGNタジマの村は鍛冶の技C002	出了這村子往東走有個但馬村GN但馬村的鍛冶技C002
3	2	術が高いことで有名ですわ	術以高超聞名
3	3	お兄ちゃん強い人？Y	大哥哥是很強的人麼？Y
3	4	ふーんW　弱い人なのか…GNもし強い人だったら、山賊をこらしめてもらC005	唔W　原來是弱的人呀…GN要是很強的話，本想請大哥哥教訓山C005
3	5	おうと思ったのに…	賊的説…
3	6	本当！　Wじゃあ、山賊が来たらこらしめてくれるんだね！GNでも本当にC007	真的！　W那麼山賊來的時候就會教訓他們了！GN不過真的C007
3	7	大丈夫かなあ…	不要緊麼…
3	8	うえーん…W　走ったら転んで怪我をしちゃったよう…	嗚哇…W　奔跳時跌倒受傷了…
3	9	SUF005は女の子に怪我の直し方を教えてあげたF007	SUF005教了小女孩治傷的方法F007
3	10	うん…W　きれいな水で洗ってから蒲の花の粉をつければいいんだねGXおC011	唔…W　用乾淨的水洗過，再敷上蒲花的粉就好了GX大C011
3	11	兄ちゃんありがとう！WNすぐにやってみるよ！	哥哥謝謝！WN我馬上試試看！
3	12	あっ！　W大国主のお兄ちゃんだ！GXお兄ちゃんの教えてくれた通りにしC013	呀！　W是大國主大哥哥！GX照大哥哥教的做了之C013
3	13	たら、真っ赤だったところもきれいになって、もう全然平気だよ！GX本C014	後，紅腫的地方也好了，現在完全不痛了！GX真C014
3	14	当にありがとうWN今日はお礼にあたしの宝物をあげるわ！WNとってもきC015	的很謝謝WN今天就把我的寶物送給大哥哥當謝禮！WN很漂C015
3	15	れいでしょ？	亮呀？
3	16	これからもいろいろ教えてね！WNUお兄ちゃん！	今後也要多教教我！WNU大哥哥！
3	17	キャーーーーーーーッ！　W助けてー！	呀－－－－－－！　W救命呀！
3	18	おらおらー！　W邪魔だ邪魔だー！	讓開！　W別阻路別阻路！
3	19	うわー！　W乱暴はやめてくれー！	哇－！　W別動粗呀－！
3	20	むっ！　Wこの野郎、邪魔するんじゃねえ！Wなんかおれに文句があるのかよY	唔！　W這廝，別來礙事！W對老子有什麼不滿麼Y
3	21	ほう、Wいい度胸してるじゃねえかGNみんな！　Wこいつをやっちまえ！	呵，W膽子倒是不小GN各位！　W把這廝做掉！
3	22	なんだなんだ、腰抜け野郎めGNでも、このまま許すわけにはいかねえぞWNC023	什麼嘛，膽小鬼GN不過，就這樣放過可不行WNC023
3	23	みんな！　Wこいつをやっちまえ！	各位！　W把這廝做掉！
3	24	ちくしょう…　覚えてろよー！GXみんな！　W引き上げだー！	可惡…　給我記著！GX各位！　W撤！
3	25	大きな声じゃ言えないんだが…WNこの村を襲う山賊達の首領はこの村の長C026	這話不好大聲説…WN襲撃本村的山賊首領，是村長的C026
3	26	の息子なんだよGXそれで村のみんなは気まずくなってしまってね…GN一番C027	兒子GX所以村裡大家都很難堪…GN最C027
3	27	悩んでいるのは長なのかもしれないけど、もう許せないよ	苦惱的或許是村長，但已經不能原諒了
3	28	U様のおかげで、また昔のような活気がこの村に戻ってきましたよGX彼らC029	多虧U大人，這村子又有了往日的活力GX他們C029
3	29	の過去をすぐに水に流せるわけじゃないけれど、これからみんなでよい世C030	的過去不是説忘就能忘，但今後大家一同為好世C030
3	30	界にするために努力すればよいのですからね	界努力也就是了
3	31	まったくあの山賊達には困ってしまいますよ…GNせっかく貯めた食料や武C032	那些山賊真教人頭疼…GN好不容易存下的糧食與武C032
3	32	器を持ちさってしまうのですから…GXこのままではこの村を出なければなC033	器都被搶走了…GX再這樣下去就不得不離開這村C033
3	33	らなくなってしまいますよ	子了
3	34	ああ…　W困った困った…	嗚呼…　W傷腦筋傷腦筋…
3	35	山賊達は改心したんですってねGNでも、今すぐ信用はできませんね…GXいC036	聽説山賊們改過自新了GN不過一時半刻還信不過…GX終C036
3	36	ずれ時が解決してくれるのでしょうが、すぐに人を信用できないのは寂しC037	究時間會解決的，只是無法立刻信人，實在教人寂C037
3	37	いことですなあ	寞呀
3	38	早く皆が信頼しあえる世の中になるといいですな	但願早日迎來人人互信的世道呀
3	39	どこの方かは知らんが、この村には山賊が来るから気をつけなされやGN怪C040	不知客人從何處來，這村子有山賊出沒，可要當心GN受C040
3	40	我をしたらつまらんでな…	了傷可不値得…
3	41	あの山賊達は元々この村の者だったのじゃW山賊の首領はタヂカラというC042	那些山賊原本都是這村子的人W首領是個叫手力的C042
3	42	猟師でな、その腕は素晴らしいものじゃったGXしかし、長とのいさかいがC043	獵人，身手極為了得GX只是與村長爭執C043
3	43	絶えずに、とうとうこの村を飛び出していったのじゃGX本当は気の優しいC044	不斷，終於離開了這村子GX其實是個心地善良的C044
3	44	いい男なのだが…GNまったく首領がタヂカラでは長もお困りじゃろうな…	好漢子…GN首領是手力，村長想必也很為難…
3	45	タヂカラは盗んだものを皆のところに返しに歩いたそうですよGNやはり悪C046	聽説手力把竊來的東西一一還給大家了GN果然不是壞C046
3	46	い男ではなかったのじゃな	人呀
3	47	本当の悪がなくなるようにがんばってくださいよGNU様！	還請努力讓真正的惡消失GNU大人！
3	48	おお、イズモの方ですなWNお怪我はありませんでしたか？GNまったく面目C049	呀，是出雲來的WN可有受傷？GN實在是無顏C049
3	49	ないことで…GX奴らは元々この村の者だったのですが、私の方針に反対しC050	以對…GX他們原是這村子的人，因反對我的方針C050
3	50	て私の息…Wいやタヂカラという猟師を中心に村を飛び出したのですGXC051	，以我兒…W不，以一個叫手力的獵人為首離開了村子GXC051
3	51	それ以来この村にいやがらせをするようになってしまって…GNそれに最近C052	從那以後便時常來騷擾本村…GN而且最近C052
3	52	山に食料が少ないらしく、村の食料を狙ってやってくるのですGX世界を救C053	山裡糧食似乎不足，便來打村裡糧食的主意GX聽聞C053
3	53	うというあなたのお噂を聞き、この村もお譲りしようと思うのですが…GNC054	汝要拯救世界，我也想將這村子讓出…GNC054
3	54	ひとつだけ私の願いを聞いてくださいGXその願いとはあの山賊達を改心さC055	但請聽我一個請求GX那便是讓那些山賊改過自C055
3	55	せてやって欲しいのですGX彼らも最初はこの村を思うからこそ、私の意見C056	新GX他們起初也是為了這村子著想，才反對我的意C056
3	56	に反対して行動を起こしたのですから…GNもし…W　もう一度だけでも話C057	見而行動的…GN若是…W　能再有一次談C057
3	57	し合う機会があれば、きっとわかってくれるはずですGX山賊達は自分にかC058	話的機會，他們定能明白GX山賊們自以為沒人敵得C058
3	58	なう相手がいないと見ていい気になっているのですGNU様にこらしめてC059	過自己，才這般得意GN若能由U大人教訓C059
3	59	いただければ、目も覚めることでしょうGX迷惑な話だとは思いますが、どC060	他們一番，想必就會醒悟GX我知這是添麻煩，但還C060
3	60	うかよろしくお願いします	請多多關照
3	61	山賊達のねぐらはこの村の南の洞窟だと聞いていますGNよい知らせを待っC062	聽説山賊的巣穴在本村南邊的洞窟GN我等著好消C062
3	62	ておりますぞU様！	息U大人！
3	63	おお！　Uさん！WN遅かったじゃねえか！GNC080	呀！　U兄！WN怎麼這麼慢！GNC080
3	64	かと思うんだけど…GNなんかこうあらたまるとはずかしくってよう…	這麼想的…GN不過這樣正經八百的，怪難為情的…
3	65	あっ！　Wタヂカラ！！！GNおまえって奴は！！！	呀！　W手力！！！GN汝這廝！！！
3	66	ま、W待てよおやじWNもうおれは改心してU様のために働くって決めたんだC067	等、W等一下阿父WN我已經改過自新，決定為U大人效力C067
3	67	からよGN今までのこともこの通りに謝るから…	了GN過去的事我也這樣賠罪…
3	68	そうか…W…W…W　よく帰ってきたよタヂカラ…	是麼…W…W…W　回來得好呀手力…
3	69	U様、いろいろとありがとうございましたGNこれからはあなたのお力でこC084	U大人，諸多承蒙照顧GN今後就靠汝之力，將這C084
3	70	SF005イナバの村を譲り受けた！F007	SF005接收了因幡村！F007
3	71	それから私はもう歳ですから、このまま隠居させてもらいますGXその代わC072	還有我年事已高，就此隱居了GX作為替C072
3	72	りと言ってはなんですが、この男を使ってやってくださいGN口は悪いですC073	代，請用用這個男人GN嘴巴雖壞C073
3	73	が腕は立ちますからGXほら！　Wおまえからもお願いしろ！	但身手了得GX來！　W汝也來求求人家！
3	74	はい、はいGN稲作のことはよくわかんねえけど、ケンカと狩りのことだっC075	是是GN種稻的事我不太瞭，但打架和打獵的事C075
3	75	たらまかせてくださいよGXきっと役に立ちますから！WNじゃあまた後で！	就包在我身上GX定能派上用場！WN那麼回頭見！
3	76	まったく調子のいい奴だ…	真是個油嘴滑舌的小子…
3	77	U様、これから困難なことが多いでしょうが、がんばってくださいよ	U大人，今後想必困難重重，還請多加努力
3	78	早く良い世の中になるといいですな	但願早日迎來好世道呀
3	79	きれいな石を見つけたんだよGNでもこれはあたしの宝物だからあげないよ	我找到了漂亮的石頭GN不過這是我的寶物，不給別人
3	80	ちゃんと兵士の身なりにして待ってたんだぜGXそれでよう…W　おやじにC081	我可是好好打扮成兵士等著的GX然後…W　想向阿父C081
3	81	謝ろうC64	賠個罪C64
3	82	今、長は山賊のことで悩んでおられるのだWまた後で…W　むっ！	村長正為山賊之事煩惱W請稍後再來…W　唔！
3	83	長は悩んでおられるのだN一人にさせてやってくれ…	村長正煩惱著N讓他一個人靜靜…
3	84	の村をよくしていってください	村子治理得更好
3	85	どうぞお通りください	請進
4	0	あなたが大国主のU様ですねGX私達はあなたのような方をお待ちしておりC001	閣下便是大國主U大人GX我們正等著像汝這樣的人C001
4	1	ましたGXこのタジマの村は元々イナバから分れた村Gイナバの村をあなたC002	物GX但馬村原本是從因幡分出來的G若因幡村由汝C002
4	2	が治めるのであれば、この村もあなたにお譲りしないわけにはいかないでC003	治理，這村子自然也沒有不讓與汝的道C003
4	3	しょうGXどうぞこのタジマをお受け取りください	理GX請收下這座但馬村
4	4	SF005タジマの村を譲り受けた！F007	SF005接收了但馬村！F007
4	5	しかし、ひとつだけ忠告をさせてくださいGそれはこの世界には確実に何C006	不過請容我進一言G那便是這世界確實有某種C006
4	6	か暗い影が近付いていることですGXその影の力により、人々の心は乱れ、C007	暗影正在逼近GX受那影之力所惑，人心紛亂，C007
4	7	村々は争いを起こしていますGNこのままでは人々の心は暗く閉ざされ、古C008	村村相爭GN再這樣下去人心將被黒暗封閉，如古C008
4	8	くからの言い伝えのようにスサノオがこの世界に戻ってしまうのかも知れC009	老傳説所言，須佐之男或許會重回這個世C009
4	9	ませんGXあなたへのアマテラス様の言葉が真実であれば、早くすべての村C010	界GX若天照大神對汝所言屬實，便須盡早讓所有村C010
4	10	から争いをなくさなければなりませんGXまだまだすべての村に平和をもたC011	落再無紛爭GX要為所有村落帶來和平，還需C011
4	11	らすには長い時間が必要ですが、力を合わせてがんばりましょうU様！GXC012	漫長的時日，但讓我們齊心協力U大人！GXC012
4	12	私も世界のために力を尽くしますGNそれではまた後ほど	我也會為這世界竭盡全力GN那麼，回頭見
4	13	この村はタジマの村GN山に囲まれた静かな村ですわ	這裡是但馬村GN是個四面環山的寧靜村落
4	14	この村は山に囲まれているが、鍛冶の材料にはとても恵まれているんだGNC015	這村子四面環山，但鍛冶的材料十分豐富GNC015
4	15	もっと鍛冶の人数と技術があがれば、多くのものを作れると思うよ	若鍛冶的人數與技術再提升，應該能做出更多東西
4	16	この村の鍛冶の技術力は高いけれど、武器を作るよりもっと人の役に立つC017	這村子的鍛冶技術雖高，但我覺得比起造武器，造些更C017
4	17	道具を作ることが大切だと思うんだGXみんな武器を作りたがるけど、それC018	有用的道具才要緊GX大家都想造武器，但我覺得C018
4	18	は間違っていると思うな、おれは	那是不對的
4	19	山ではいろいろな木の実が拾えるんですよWでも生で食べられるものは少C020	山裡能拾到各種果實W不過能生吃的很C020
4	20	ないのでNお湯であくを抜かないとだめですね	少N得用熱水去澀才行
4	21	お兄ちゃんどこから来たの？GN昔はよく海の村とかから人が来てたんだけC022	大哥哥是從何處來的？GN從前常有海邊村子的人來，C022
4	22	ど、最近は誰も来なくてさびしいなあ…	最近都沒人來，好寂寞…
4	23	お兄ちゃんは大国主なんだってね！GN早くみんなが仲良くできて、どこでC024	聽説大哥哥是大國主！GN但願大家早日和睦，能到處C024
4	24	も行けるようになるといいね！	走動就好了！
4	25	武器や道具の中には特殊な魔力を秘めているものがあるそうですGN手に入C026	聽説有些武器與道具藏有特殊的魔力GN到手C026
4	26	れたものは使ってみるといいでしょうGXただし道具の中には使うと壊れてC027	之後不妨試著用用GX不過有些道具用了會損C027
4	27	しまうものもあるそうですので注意してください	壞，請多加注意
4	28	この村を出て、南に行くとキビの村がありますGN今、キビの村には妙な噂C029	出了這村子往南走有個吉備村GN如今吉備村有些古怪的傳C029
4	29	があるので注意してくださいね	聞，請多加小心
32	0	は気が付くと暗闇の中で倒れていたGX自分は何者なのか？GNどこから来C001	回過神時，已倒臥在一片漆黒之中GX自己究竟是何人？GN又是從何處C001
32	1	たのか？GNそしてここはどこなのか？GX自分に対する記憶はなく、暖かくC002	而來的？GN而這裡又是何處？GX關於自身的記憶一片空白，只有温暖C002
32	2	包むような、ぼんやりとした感覚が頭の中を満たしていた…F007	包覆般的朦朧感覺，充滿了整個腦海…F007
32	3	目覚めましたかU？GNさあ、こちらへおいでなさい	汝醒來了麼，U？GN來，往這邊來
32	4	私の名はアマテラスGNあなたをここへ呼んだのはこれから重要な使命をC005	吾名為天照GN將汝召喚至此，是為了把重要的使命C005
32	5	あなたに与えるためですGXまずあなたにはこの世界の成り立ちからお話しC006	交付於汝GX首先，吾須從這世界的由來，向汝細細説C006
32	6	しなければなりませんねGXそう、すべての世界は神々が住む、この天上界C007	起才行GX是的，萬物之世界，由衆神所居的這天上界C007
32	7	の高天の原GN人間達が住む地上界の葦原中国GNそして黄泉の国へ続く、地C008	高天原GN人類所居的地上界葦原中國GN以及通往黄泉之國的地C008
32	8	中界の根の国の三つから成り立っていますGXW私は神々をまとめ、地上をC009	中界根之國，此三者所構成GXW吾統領衆神，照耀大地C009
32	9	照らして人々は平和に暮らしていましたGNそして平和な時が流れ、葦原中C010	人們得以安居樂業GN太平之世流轉，葦原中C010
32	10	国の人達が増え、文化が芽生え始めましたGXしかしそのことにより人々はC011	國人口漸多，文化亦開始萌芽GX然而人們也因此C011
32	11	今まで以上に強く欲望を抱くようになってしまいましたGX今、葦原中国にC012	懷抱起前所未有的強烈慾望GX如今，葦原中國之上C012
32	12	暗い影が近付きつつありますGNその闇の力は人々を惑わし、争いを起こさC013	正有暗影逐漸逼近GN那闇之力迷惑人心，引發爭C013
32	13	せる力を持っていますGNそしてその力の元は破壊神スサノオなのですGXC014	鬥GN而那力量之源，正是破壞神須佐之男GXC014
32	14	以前、私達神々は荒れ狂うスサノオを根の国の洞窟に激しい戦いの末にC015	昔日吾等衆神歴經激戰，終將狂暴的須佐之男封入C015
32	15	封印しましたGXしかし、その封印が人々の混乱によって破られつつありまC016	根之國的洞窟GX然而那道封印，正因人心之亂而逐漸崩C016
32	16	すGXスサノオが復活し、地上が闇に包まれれば世界は滅びてしまうでC017	解GX若須佐之男復活，大地為闇所覆，世界終將歸於毀C017
32	17	しょうGNそこで世界のためにあなたに重要な使命を伝えますGNまずはこれを	滅GN故吾要為這世界，託付汝一項重要的使命GN首先收下這個
32	18	葦原中国を救うためにはあなたが大国主となり、すべての村をひとつにC019	欲拯救葦原中國，汝須成為大國主，將所有村落統合為C019
32	19	まとめ、世界を混乱から救うことですGX平和が戻り、人々の心に安らぎがC020	一，把世界自混亂之中拯救出來GX待和平歸來，人心重獲安寧C020
32	20	戻れば、スサノオの力は弱まりますGNその時に私は力を取り戻し、世界にC021	之時，須佐之男之力便會衰減GN屆時吾將取回力量，為這世界C021
32	21	光を与えることができるでしょうGXUよ時間はもう長くは残されていないC022	再度帶來光明GXU呀，所剩的時間已然不多C022
32	22	のですGN一刻も早く、世界を救うのです	了GN請盡速拯救這個世界
32	23	さあ、この光の中に入りなさいGX地上に降りたらまず黄泉比良坂に向うC024	來，踏入這道光芒之中GX降臨地上之後，先前往C024
32	24	のですGNそこに私が残した、大国主になるための武器が置いてありまC025	黄泉比良坂GN吾在那裡留下了，使汝得以成為大國主的武C025
32	25	すGNその武器を手に入れ、そして使命を果たすために力を尽くしてください	器GN取得那件武器，並為達成使命而竭盡全力
32	26	あなたが最後の希望なのですGNW平和を望む大国主となり世界を救うC027	汝是最後的希望GNW成為嚮往和平的大國主，拯救這個世C027
32	27	のですW…W…W…W　がんばるのですよ…	界W…W…W…W　要努力下去…
32	29	SUF005は武器や防具を授かった！F007	SUF005獲得了武器與防具！F007
