kind	index	ja	zh	source
person	0	オオナムヂ	大穴牟遲	記
person	1	タケヒラトリ	建比良鳥	記
person	2	ヒノカタビコ	日之方彦	擬
person	3	オオシラトミ	大白登美	擬
person	4	イナダヤマヌシ	稲田山主	擬
person	5	タムヤサカ	田母八坂	擬
person	6	キビツヒコ	吉備津彦	記
person	7	アメワカヒコ	天若日子	記
person	8	タカクラジ	高倉下	記
person	9	ヤマトオオヌシ	倭大主	擬
person	10	オオノダヒコ	大野田彦	擬
person	11	カムヤイ	神八井	記
person	12	アヂシスクネ	味志宿禰	擬
person	13	スジャクノミコ	朱雀皇子	擬
person	14	サルタビコ	猿田毘古	記
person	15	シナノオオミ	科野大臣	擬
person	16	ウガヤビコ	鵜萱彦	擬
person	17	イワナギ	磐薙	擬
person	18	サグミカミ	佐具美神	擬
person	19	ワカタラビコ	若足彦	擬
person	20	サシカタワケ	刺肩別	記
person	21	イザワケヒコ	伊佐別彦	擬
person	22	ウカシマヅ	宇迦島津	擬
person	23	ナミハヅラ	浪蔓	擬
person	24	シライシビコ	白石彦	擬
person	25	アメヒトナギ	天人薙	擬
person	26	トヨクニワケ	豊國別	記
person	27	ハヤトマノオミ	隼人麻臣	擬
person	28	ウサツヒコ	宇沙都彦	記
person	29	イワクマソ	磐熊曾	擬
person	30	クマソタケル	熊曾建	記
person	31	予備１	預備一	—
person	32	予備２	預備二	—
person	33	ヤミヒメ	闇姫	擬
person	34	コトシロヌシ	事代主	記
person	35	アメノサグメ	天探女	記
person	36	イピカ	伊比香	擬
person	37	ヒミカ	日御香	擬
person	38	アケタツノミコ	明立皇子	擬
person	39	イノヒメ	伊能姫	擬
person	40	スセリヒメ	須勢理姫	記
person	41	タタネコ	多多泥古	記
person	42	ウナカミ	海上	擬
person	43	アメノコヤネ	天兒屋根	記
person	44	ウムギヒメ	蛤貝姫	記
person	45	タチバナギ	橘薙	擬
person	46	ヒジリ	聖	擬
person	47	アイラ	阿比良	記
person	48	タケミナカタ	建御名方	記
person	49	ヒトコトノワケ	一言別	擬
person	50	カグラ	神樂	擬
person	51	タケミミスギ	建耳杉	擬
person	52	ミカハヤビコ	甕速彦	記
person	53	イワサク	石拆	記
person	54	ネサク	根拆	記
person	55	ホスセリ	火須勢理	記
person	56	ミツノオミ	三津臣	擬
person	57	クメノミコ	久米皇子	擬
person	58	オオダタラ	大多多良	擬
person	59	サヒモチ	佐比持	擬
person	60	ツブラオオミ	圓大臣	擬
person	61	イワツツ	石筒	記
person	62	オオクマ	大熊	擬
person	63	オジカ	小鹿	擬
person	64	クマリ	久麻理	擬
person	65	ツラノオ	津良男	擬
person	66	イワオシワケ	磐押別	擬
person	67	ツルギ	劍	擬
person	68	ナガスネビコ	長髄彦	記
person	69	ハヤブサ	隼	擬
person	70	シビノ	鮪野	擬
person	71	オバシノキミ	小橋君	擬
person	72	カガナイ	香賀奈	擬
person	73	タカオミ	高臣	擬
person	74	アジス	阿遲須	擬
person	75	ヤチホコ	八千矛	記
person	76	タケフツ	建布都	記
person	77	テリヌカタヒメ	照沼潟姫	擬
person	78	シラヒ	白日	擬
person	79	ミトシ	御年	記
person	80	ススコリ	須須許理	記
person	81	ホムド	品陀	記
person	82	オオトシ	大年	記
person	83	クエビコ	久延毘古	記
person	84	ウカノミタマ	宇迦御魂	記
person	85	イワツチノオ	磐土男	擬
person	86	カナヤマト	金山戸	擬
person	87	ツマツバラ	妻津原	擬
person	88	ヒノカグツチ	火之迦具土	記
person	89	イカルメ	伊迦留女	擬
person	90	カナアカリ	金明	擬
person	91	タラツメ	多良津女	擬
person	92	アカツラノオ	赤面男	擬
person	93	サヅチビコ	狭土彦	記
person	94	ネノドヌシ	根戸主	擬
person	95	ナイチ	奈伊知	擬
person	96	ハニヅチ	埴槌	擬
person	97	タラシノ	帶野	擬
person	98	ククノキ	久久木	記
person	99	ヤマナビコ	山名彦	擬
person	100	オクヤマヌシ	奥山主	記
person	101	オオタカ	大鷹	擬
person	102	シナツラ	志那津良	擬
person	103	タヂカラ	手力	記
person	104	ナナクラダ	七倉田	擬
person	105	ワカヤマクイ	若山咋	記
person	106	ホオリ	火遠理	記
person	107	サザナギ	佐佐薙	擬
person	108	ホデリ	火照	記
person	109	シオツチ	塩椎	記
person	110	ナナル	奈那留	擬
person	111	ヌノオシトリ	布押鳥	擬
person	112	スナヂ	須奈遲	擬
person	113	ソホリ	曾富理	記
person	114	オキツヒコ	奥津彦	記
person	115	アオヌマヌシ	青沼主	記
person	116	オズマ	小妻	擬
person	117	ミカヌシ	甕主	擬
person	118	リキシマル	力士丸	擬
person	119	オオシナド	大科戸	記
person	120	トヨタマビコ	豊玉彦	記
person	121	ツツラナギ	葛薙	擬
person	122	サヨリヒメ	狭依姫	記
person	123	タキツヒメ	多岐都姫	記
person	124	タマヤノ	玉屋野	擬
person	125	サクヤヒメ	佐久夜姫	記
person	126	シラビコ	白彦	擬
person	127	オオヒノカミ	大日神	擬
person	128	オオモノヌシ	大物主	記
person	129	アメノウズメ	天宇受売	記
person	130	タケミカヅチ	建御雷	記
person	131	トリフネノカミ	鳥船神	記
person	132	ニニギノミコト	邇邇芸命	記
person	133	オモイカネ	思金	記
person	134	カイナダ	貝灘	擬
person	135	アカイコ	阿加伊子	擬
person	136	ハバナ	羽花	擬
person	137	ヤミミノミコ	闇耳皇子	擬
person	138	カムイカヅチ	神雷	擬
person	139	ヒツマノオミ	日妻臣	擬
person	140	マロミコ	麻呂皇子	擬
person	141	マメイロド	豆入	擬
person	142	タキタメ	多岐女	擬
person	143	イグリ	伊栗	擬
person	144	ヌタリ	沼垂	記
person	145	スミウシノミコ	住吉皇子	擬
person	146	アカラベ	赤部	擬
person	147	イサチ	伊佐知	擬
person	148	ヤマタネコ	山田根子	擬
person	149	ククマル	久久丸	擬
place		クマノ	熊野	記
place		アワミ	阿波見	擬
place		ミノ	美濃	記
place		オバリ	尾張	記
place		ミワ	三輪	記
place		キビ	吉備	記
term		天つ金	天津金	擬
term		牛鬼	牛鬼	記
term		鬼道師	鬼道師	記
term		玉造	玉造	記
place		ヤイヅ	焼津	記
place		コシ	越	記
place		ヤマシロ	山城	記
term		竜宮城	竜宮城	記
term		海幸	海幸	記
term		山幸	山幸	記
term		土師部	土師部	記
