id	offset	max_bytes	original_ja	translation_zh
251	0x047510	8	移動する	移動
252	0x04751a	8	中に入る	進入
253	0x047524	8	術を使う	施術
254	0x04752e	10	道具を使う	使用道具
255	0x04753a	14	道具を装備する	裝備道具
256	0x04754a	12	道具を捨てる	捨棄道具
257	0x047558	10	人物を見る	檢視人物
258	0x047564	10	道具を見る	檢視道具
259	0x047570	8	村を見る	村況
260	0x04757a	10	文化を見る	檢視文化
261	0x047586	14	地形を調査する	探勘地形
262	0x047596	14	資源を発掘する	發掘資源
263	0x0475ae	8	操作する	操作
264	0x0475b8	10	道具を試す	試用道具
265	0x0475c4	14	隊列を変更する	變更隊列
266	0x0475d4	14	データのセーブ	儲存進度
267	0x0475e4	12	設定を変える	變更設定
268	0x0475f2	10	ゲーム終了	結束遊戲
622	0x0531aa	10	道具を使う	使用道具
623	0x0531b6	14	道具を装備する	裝備道具
697	0x053827	8	表示速度	顯示速度
698	0x053830	8	移動速度	移動速度
701	0x05385a	14	データのセーブ	儲存進度
703	0x053882	12	ゲームの終了	結束遊戲
743	0x053cea	8	移動する	移動
756	0x053ea7	8	移動する	移動
812	0x054451	8	移動する	移動
