id	offset	max_bytes	original_ja	translation_zh
0	0x00bf84	16	ＡＬＬＯＣエラー	
1	0x00c52e	16	祷囎嵩風燈駐崇邪	
2	0x00c7f6	14	巨萩数乱迫恃梨	
3	0x00c880	14	巨萩数乱迫恃梨	
4	0x00ca3f	8	崇遂$HD+	
5	0x00ca49	8	崇遂$HD-	
6	0x00ca53	8	風武$HD-	
7	0x00ca5d	8	風武+HD2	
8	0x00ca67	8	吏嵐+HD2	
9	0x00ca71	8	吏嵐$0-+	
10	0x00cb5f	7	ヨuヨル	
11	0x00cb96	7	ヨ|ヨワ	
12	0x00ceb0	30	拠渠昼嫡拠渠昼嫡黒雛武符黒雛武	
13	0x00d027	64	拠渠昼嫡拠渠昼嫡黒雛武符黒雛武符女兆嵐淀女兆嵐淀璃裏棊桷璃裏棊橈	
14	0x00d09c	16	璃裏棊桷璃裏棊橇	
15	0x00d178	14	システムエラー	
16	0x00d187	27	 ディスクＩ／Ｏエラーです. 	
17	0x00d1a3	27	ディスクを確認してください.	
18	0x00d1d4	22	ＮＵＬＬアクセスエラー	
19	0x00d1eb	32	 ＮＵＬＬアクセスが発生しました.	
20	0x00d474	20	致命的システムエラー	
21	0x00d489	30	 ０除算割り込みが発生しました.	
22	0x00df3b	210	人はみな、スサノオの力と私の知恵を心のN中に持っていますWWXその二つが調和していれば強く、そしてN優しく平和に生きて行けるのですWWXUよ、WあなたがスサノオをN倒せたのも、優しい心と力が調和していたNからこそなのですWW	
23	0x00e0c1	270	しかし、生きることを恐れてはいけませんWNあなた達はどんな暗い闇に覆われていてもWXUのようなすばらしい人物をN先頭に未来を切り開くことができるのですWWXさあ、ゆっくりと休んでくださいWWNそして目が覚めたら、世界は自分達の力でN救えることを語り伝えていくのですWWXありがとうU…WWW	
