block	index	original_ja	translation_zh
0	0	ここは村の長がおられる場所だGN他の村の者が入ることは許さん	
0	1	しつこい奴だな！WNとっとと向こうへ行け！	
0	2	この村はイズモの村GN葦原中国の中でも指折りの大きな平野を持つ、豊かC003	
0	3	な村ですわ	
0	4	となりの村はタギシの村GN昔からこのイズモの村とは仲のよい村ですわ	
0	5	タギシの長に事情を話せば力を貸してくれると思いますよ	
0	6	最近この村の長のタケヒラトリは様子がおかしい…GNまるで何かにC007	
0	7	憑かれてしまったような…GXいったい何が起こるのだろうなあ…	
0	8	この村の東にタギシという小さな村があるGこのイズモとも以前は仲がC009	
0	9	よい村だったのだが、最近タケヒラトリ様はタギシを攻める準備をしていC010	
0	10	るらしいのだGNどうしてこうなってしまったのだろうか…	
0	11	これでタギシの村と争わずに済んだわけだGしかしこれからも各地でC012	
0	12	争いが起こるのであろうなあ…	
0	13	早く争いのない世の中になるといいですなU様！	
0	14	タギシの村はこのイズモと比べて、かなり小さな村だGNこのイズモが攻めC015	
0	15	ればひとたまりもないだろうGNただ昔はお互いに助け合ってきたのだが…	
0	16	すべての村をひとつにまとめるには、武力だけでは難しいでしょうGX村のC017	
0	17	長の中には話し合いに応じない者もいるでしょうが、まず話をすC018	
0	18	ることですGN戦争をすれば大切な人の命が失われるのですから…	
0	19	これからは、皆でよい世の中にするためにがんばりましょう！	
0	20	この老人の話を聞きたいのか？Y	
0	21	そうか…　Wしかし破壊神スサノオの復活がささやかれているようじゃNC022	
0	22	注意なされよ…	
0	23	古くからの言い伝えでは、世界の最初には何人かの神々がお生まれになっC024	
0	24	たGNそして神々はこの大地をお創りになり、次に二人の神を召されたのC025	
0	25	じゃGX一人は光、そして創造の神アマテラスWN一人は闇、そして破壊の神C026	
0	26	スサノオGX二人はわしらのような人間達を生み、そして文化を与え、人々C027	
0	27	は増えていったGXしかし、Wある時スサノオはアマテラス様に反乱を起こC028	
0	28	したのじゃGX二人の争いは長きに渡り、世界は乱れに乱れたGNやがて激しC029	
0	29	い争いの果てにスサノオは力尽き、地中深くに閉じ込められたのじゃGX世C030	
0	30	界は光に満ち溢れて人々は豊かになり、そして今の我々があるのだそうじC031	
0	31	ゃGXただし人々の心が乱れる時、再び破壊神スサノオはよみがえるというC032	
0	32	GN他の村の長の中には村々の争いに勝つために、スサノオの力を借りよC033	
0	33	うとしている者もいるそうじゃ…GX欲深い者達のために本当にスサノオがC034	
0	34	よみがえり世界が滅びてしまうかもしれんのう…	
0	35	…WU様ですか？Y	
0	36	そうですか…W　人違いだったか…	
0	37	私はこの村の武人のタケミナカタと申すものですGN妙な事を言うようですC038	
0	38	が、実は先日私の夢枕に光に包まれた女神が現れたのですGXそしてこの村C039	
0	39	を訪れるUという若者を助け、イズモをその若者に譲り渡すように、といC040	
0	40	うお告げを受けたのですGXそれで今日あなたの顔を見て、この人ではと、C041	
0	41	声をかけたのですGXところであなたにお会いできたら、この村の長のタケC042	
0	42	ヒラトリの所にお連れしようと思っていたのですが…GXW…W実はタケヒラC043	
0	43	トリは最近様子がおかしいのですGX以前は民のためによく尽くす方でしたC044	
0	44	GNしかし、W黄泉の国に続くという洞窟にスサノオの噂を確かめに行くとC045	
0	45	出かけてから、人が変わってしまったのですGXまるで何かにC046	
0	46	取り憑かれたように争いを好んで…GN最近では仲のよかったタギシC047	
0	47	の村を攻め取るなどと言い出して…GXW…Wとにかく長の所に行きC048	
0	48	ましょうGNもし…　Wいざという時は私が命にかけてあなたをお守りします	
0	49	！！！？	
0	50	フフフ…　WとうとうやってきたなNUよ！GXこの葦原中国を救いに来たつC051	
0	51	もりだろうがWスサノオ様の邪魔をさせる訳にはいかんぞGXもうすぐこのC052	
0	52	世界は大戦乱になり、スサノオ様が復活するのだ！GXさあ、Uよここで消C053	
0	53	えてもらおうか！	
0	54	うっW…W…W…GN私はどうしていたのか…WNしかし、W心を覆っていたものC055	
0	55	が消えたような清々しい気W…W分W…Wだ…W…W…	
0	56	もう手遅れのようです…GN本当は平和を望むよいお方であったのに…	
0	57	こうなった以上はあなたを信じていくしかありません…GNどうかこのイズC058	
0	58	モの指導者となってくださいGXそしてこれからは大国主として、この葦原C059	
0	59	中国を破滅から救ってください！GXさあ、みんな持ち場に付けWNこれからC060	
0	60	はU様の下で世界を救うために働こう！	
0	61	さあ、U様Nまずはこのイズモを強い国に育てて、すべての足掛りとしてくC062	
0	62	ださい	
0	63	村への命令は村の中央にある大きな家の中で、いつでも行なえるようになC064	
0	64	っていますGX一年の方針を定めて、それに従って効率良く命令を出してくC065	
0	65	ださいGNまずは一通りの命令を見てくださいGX当面イズモでは稲作が始まC066	
0	66	っているので、この強化をするなど食料供給の安定に努めてくださいGX食C067	
0	67	料の供給は人口を増やすために一番重要なことですので、肝に銘じておいC068	
0	68	てくださいGX食料供給が安定し、人口が増えて村の力が強くなっても、戦C069	
0	69	争は人口の大きな減少につながりますGN他の村の長と話し合いをしてC070	
0	70	それでもだめな場合の最後の手段としてくださいGN無駄な血を流してはいC071	
0	71	けませんGX大体理解していただけましたか？GNなんでしたらもう一度説明C072	
0	72	しましょうか？Y	
0	73	それでは私もU様の仲間として、一緒に働かせていただきます	
0	74	F005タケミナカタが仲間に加わった！F007	
0	75	この村には鍛冶屋があるんだよN鉄鉱や銅鉱などを手に入れたら、武器やC076	
0	76	防具にしてもらえるよGNただ鍛冶の技術力が高い村じゃないとよい物はC077	
0	77	作れないかもね	
0	78	ほっほっほっW　まったく米というものはおいしいものじゃのうGN長生きC079	
0	79	してよかったわい	
0	80	ああ…W　戦争は嫌だなあ…GN兵士になんかなるんじゃなかったよ	
0	81	戦争をしないでよくなったんですね！GNこれからは平和を守る兵士になりC082	
0	82	ます！	
0	83	さあ、行きましょうU様！	
0	84	私は横の兵士を相手しますNU様は長を！	
0	85	すべての村が豊かにならなければ、スサノオの力は弱まらないといいますC086	
0	86	ぞGX新たに村を手に入れたら、まずはその村の経営を行なって、人口が増C087	
0	87	えるように指導を行なうことですな	
0	88	宝物庫の中には、鍛冶や玉造などの職業の生産の過程で時々できるよい物C089	
0	89	などが収められますGN時々、自分の村の宝物庫を見てみるといいですよGNC090	
0	90	他の村の宝物庫に入ると怒られますけどね	
1	0	ここはタギシの村だNここから東に行くとスガの村がある	
1	1	しかし最近は物騒で村の行き来もままならんよ…	
1	2	わしらが安心して行き来できるような平和な世の中にしてくださいよ！WNC003	
1	3	U様！	
1	4	イズモの村では長のタケヒラトリが倒れたらしいが、それは本当か？Y	
1	5	そうか、これでこの村も攻められないですむ…GN戦争などしてC006	
1	6	いる余裕はこの村にはないからのう	
1	7	そうか…　Wそれではいよいよイズモが攻めてくるのか…GN困ったのう…	
1	8	これからはまたイズモと仲良くできるわけですなGNこれもU様のおかげでC009	
1	9	す	
1	10	このタギシの村では狩りが盛んだNなにせ山に囲まれているからなGNしかC011	
1	11	し、山の幸が少ない年などは冬に食料がなくなり、困ってしまうのだGXこC012	
1	12	の村でも米を作ることができればよいのだが…	
1	13	これからはこの村にも大勢の人が住めるように、良い指導をお願いしますC014	
1	14	よGN私達もお役に立って見せますから！	
1	15	今日の猟も幸に恵まれるといいですな	
1	16	私達の食べ物は山での狩猟、W海での漁労、W木の実などを拾う採集、そしC017	
1	17	て稲を育てる稲作の四つで賄われていますGXそれぞれの村はその土地の特C018	
1	18	徴に会わせて食料の生産を行なっているようですよ	
1	19	イズモが攻めてくるんじゃ、猟もしてられないなGNまったく困ったもんだC020	
1	20	よGN動物を射るのはまだしょうがないけど、人を射るのはね…	
1	21	昨日も獲物が捕れなかったんだ…GNこのままじゃ、冬を越せるか心C022	
1	22	配だな	
1	23	今日は三頭も鹿をしとめたんだGNまあ、おれの腕のおかげではあるけれどC024	
1	24	もありがたいことだよ	
1	25	おや…W　あなたが大国主のU様ですかGN噂ではあのタケヒラトリを倒したC026	
1	26	とお聞きしていますが…	
1	27	SUF005は今までの事情をタギシの長のヒノカタビコに話した…F007	
1	28	そうですか、Wタケヒラトリはスサノオに…WそういうことだったのですC029	
1	29	か…GX以前はこのタギシの村とイズモは仲がよかったのですGNしかし最近C030	
1	30	になってこの村を攻めるといったような噂があり、我々もやむなく迎え撃C031	
1	31	つ準備をしていたのですが…GX…Wまあ、これで我々は無駄な戦いをせずC032	
1	32	に済んだわけですなGNそれでは、WこれからはこのタギシもU様におまかせC033	
1	33	することにしましょうGXこの世界から争いをなくすためにはあなたのようC034	
1	34	な素晴らしい指導者が必要なのですGX小さな村ですが、人々が多く住C035	
1	35	めるよい村にしましょう！	
1	36	SF005タギシの村を譲り受けた！！F007	
1	37	それでは少し準備がありますので、外でお待ちくださいGN村人の話でもC038	
1	38	聞いて、それからでもまたおいでください	
1	39	おや？W　見なれぬ顔のお客様じゃのGNスクナビコナ様についC040	
1	40	て知りたいのかい？Y	
1	41	そうかい、それならわしには用はないじゃろうGN帰った、帰った	
1	42	それじゃあ、話をしてあげようかのうGXこのスクナビコナという道具にC043	
1	43	は小さな小さな神様が宿っておるのじゃGNそしてこの神様は作物の実りをC044	
1	44	司っておるWだからこの神様にお願いをすれば作物の豊作が約束されるとC045	
1	45	いうわけじゃGXしかし、お願いは一回きりしか聞いてくれんので、今までC046	
1	46	誰もお願いする者はいなかったというわけじゃGXまあ、こんな話を信じC047	
1	47	るかはおぬし次第じゃがのうGXそれじゃ、帰った帰ったGNわしはもう眠くC048	
1	48	なってしまったわい	
1	49	…	
1	50	おや？　WまたおまえさんかいGN今日は何の用じゃな？	
1	51	SUF005は事情を老人に話した…F007	
1	52	ふむふむ…　Wそうか…WNそういう訳じゃったのか…GXううむ…W…W…WNC53	
1	53	よし！W　世界を救うという大国主様のためなら仕方がありませんなGNこC054	
1	54	のスクナビコナをお譲りしましょうGXわしが後生大事に持っていても何にC055	
1	55	もならないのですからなGNさあ、持って行ってくだされU様！	
1	56	ス	
1	57	それではすぐにスガの村に行き、村の中でスクナビコナを使ってC058	
1	58	くだされGXお願いすればきっと聞いてくれるはずじゃWうまくC059	
1	59	いったらこの爺にも知らせてくだされGXこれを持っていたのはいいが、使C060	
1	60	ったことはなかったのでな…WN本当に神様がいるのか知りたいのじゃよGXC061	
1	61	わっはっはっ　Wさあ、お行きなされ	
1	62	良い知らせを待ってますぞU様！	
1	63	やはり神様はいたのじゃな…GNよかったよかった…	
1	64	おや？W　またおまえさんかいGN話を聞きに来たのかね？Y	
1	65	採集の仕事は簡単だけど、あまり効率がよくないねGX狩猟は技術力がないC066	
1	66	とたくさんの収穫は得られないし、やはりやがては稲作が食料生産の中心C067	
1	67	になるのかな	
2	0	この村のとなりはイナバの村だよGNでも今イナバには山賊が現れるっていC001	
2	1	うから、イナバに行くんだったら気を付けたほうがいいよ	
2	2	U様！　W山賊を退治したんですってね？NWえ？！　その山賊は仲間にC003	
2	3	なったって！GNさすがに度量が広いですなあ	
2	4	今年の稲の収穫が楽しみですな	
2	5	イズモの村に大国主が現れたらしいね…GN本当にすべての村をまとめる力C006	
2	6	があるのだろうかGNまあ、よい世の中にしてもらいたいもんだ	
2	7	あなたが大国主様だったとは…WN意外と若い方だったのですねGNもっと年C008	
2	8	寄りなのかと思いましたよGXおっと！こりゃ失礼W　わっはっはっは	
2	9	今年は村総出で米作りをしたんだNなんせ初めてだったから大変だったよC010	
2	10	GNこれで冬の食べ物に困らないって長は言ってたけど…W　本当かなあ？	
2	11	稲の育ちもすごく良くなったみたいだよGNこれでやっと一安心だぁ	
2	12	稲作は安定すれば十分以上の収穫が得られるだろうGNしかし、まだこの村C013	
2	13	の技術と耕地では期待するほどの収穫は得られないと思うのだGX今年は猟C014	
2	14	師達の人手も割いてしまったし…W今年の冬は厳しくなりそうだ…	
2	15	おお！　U様よWNこの度はありがとうございましたGX耕地もすっかり豊かC016	
2	16	に肥えて、これで村人全員が冬をしのげそうです	
2	17	これからもよろしくお願いしますよ！NU様！	
2	18	タギシの村には変わったじいさんがいるらしいなGNたいそう珍しいものをC019	
2	19	持ってるそうだが自慢話だけでそれを使わせてくれないらしいGXそんなC020	
2	20	に珍しいものなのかね	
2	21	そうか、じいさんの持ってたものには神様が宿っていたのか…GNそれでC022	
2	22	一回きりしか使えないというわけか…GX変な憶測をして悪かったなあWNC023	
2	23	ケチなじいさんだなどと思った自分が恥ずかしいよ	
2	24	事実を知りもしないで、憶測や噂で物事を判断してはいけませんな	
2	25	我々はイズモと争うつもりはないGNしかし、大国主としての資格が本当にC026	
2	26	あるのかを見せて欲しいものだGXそうすれば皆もイズモと共に行動するこC027	
2	27	とに異存はないだろう	
2	28	奇跡は本当にあるのですなGN一晩で耕地があれほど変わるとは信じられまC029	
2	29	せんGXこれで大国主様の力を信じていけますNがんばりますのでよろしくC030	
2	30	お願いします	
2	31	よい世界になるようにがんばりましょう	
2	32	大国主のU様ですね…GNあなたが各村を葦原の平和のためにまとめているC033	
2	33	という話は聞き及んでおりますGX私もむろん協力するつもりですが、まC034	
2	34	ずは私の話をお聞きくださいGX我々は去年から毎年の食料難を解消するC035	
2	35	ために村をあげて、稲作に取り組んだのですGXこのスガには広い土地はあC036	
2	36	るのですが、稲作の技術が低いために十分に稲が実るほど耕地が肥えていC037	
2	37	ないのですGXこのままでは今年の秋の収穫は期待できませんGNそして冬にC038	
2	38	はひどいことに…GX…Wそうなってしまえば、私は村人のやりだまにあげC039	
2	39	られてこの村を追われることでしょう…GNですから今すぐにでも村をU様C040	
2	40	にお譲りしてもよいのですGXしかし私は村のために稲を育てることが必要C041	
2	41	だということを村人達に理解してもらいたいのですGNまたこのことがU様C042	
2	42	の今後の村の指導に役立つとも思いますGX…Wどうかこの村の耕地の価値C043	
2	43	をあなたのお力で上昇させてくださいGNそしてそれが現実になったとき、C044	
2	44	この村をお譲りしましょうGN無理なお願いとは思いますがどうかよろしくC045	
2	45	お願いします	
2	46	これは噂なのですが、神が宿っているといわれる道具がC047	
2	47	耕地を富ませるという話を聞いたことがありますGX神頼みなどとはC048	
2	48	思いますが、その道具を探してみてはどうでしょうか？	
2	49	よろしく頼みますぞU様！	
2	50	おお、U様N噂の道具を手に入れたのですね？GN本当に効果があC051	
2	51	るのか早く使ってみてくださいGXだめならばほかの手段を考えなければなC052	
2	52	らないのですから…	
2	53	お待ちしておりましたぞU様！GN耕地は見事に豊かになりましたGXこれでC054	
2	54	この村の住民も救われましたGNさあ、この村をお治めください！	
2	55	SUF005はスガの村を譲り受けた！！F007	
2	56	それでは準備がありますので、一度外に出てからまたお越しくださいGX民C057	
2	57	も喜んでおりますので、話でもしてやってくださいGNそれではまた！	
2	58	古き船に封じられし、私を呼び起こすものは誰ぞ…GX私の名はスクナビコC059	
2	59	ナ、豊饒を司る神GN何の用ありて、私を呼ぶのか…	
2	60	SUF005は小さな神に事情を話した…F007	
2	61	…よかろう、Wこの私も、いよいよ常世に渡る時が来たGNそなたの望みをC062	
2	62	かなえよう…	
2	63	SF005スクナビコナはいなくなったGN永遠の時が流れるという、常世の国C064	
2	64	に渡ったのであろうか…GXしかし、スクナビコナの放った光はスガの村のC065	
2	65	水田を豊饒の金色に変化させた…F007	
2	66	村を離れる時には、かならず誰かに村の経営を委任していってくださいねC067	
2	67	GN指示をしてくれる人がいないと我々も困ってしまいますからね	
3	0	この村はイナバの村GN最近、山賊が村を襲いに来るので注意してくださいね	
3	1	この村を出て、東に行くとタジマの村がありますGNタジマの村は鍛冶の技C002	
3	2	術が高いことで有名ですわ	
3	3	お兄ちゃん強い人？Y	
3	4	ふーんW　弱い人なのか…GNもし強い人だったら、山賊をこらしめてもらC005	
3	5	おうと思ったのに…	
3	6	本当！　Wじゃあ、山賊が来たらこらしめてくれるんだね！GNでも本当にC007	
3	7	大丈夫かなあ…	
3	8	うえーん…W　走ったら転んで怪我をしちゃったよう…	
3	9	SUF005は女の子に怪我の直し方を教えてあげたF007	
3	10	うん…W　きれいな水で洗ってから蒲の花の粉をつければいいんだねGXおC011	
3	11	兄ちゃんありがとう！WNすぐにやってみるよ！	
3	12	あっ！　W大国主のお兄ちゃんだ！GXお兄ちゃんの教えてくれた通りにしC013	
3	13	たら、真っ赤だったところもきれいになって、もう全然平気だよ！GX本C014	
3	14	当にありがとうWN今日はお礼にあたしの宝物をあげるわ！WNとってもきC015	
3	15	れいでしょ？	
3	16	これからもいろいろ教えてね！WNUお兄ちゃん！	
3	17	キャーーーーーーーッ！　W助けてー！	
3	18	おらおらー！　W邪魔だ邪魔だー！	
3	19	うわー！　W乱暴はやめてくれー！	
3	20	むっ！　Wこの野郎、邪魔するんじゃねえ！Wなんかおれに文句があるのかよY	
3	21	ほう、Wいい度胸してるじゃねえかGNみんな！　Wこいつをやっちまえ！	
3	22	なんだなんだ、腰抜け野郎めGNでも、このまま許すわけにはいかねえぞWNC023	
3	23	みんな！　Wこいつをやっちまえ！	
3	24	ちくしょう…　覚えてろよー！GXみんな！　W引き上げだー！	
3	25	大きな声じゃ言えないんだが…WNこの村を襲う山賊達の首領はこの村の長C026	
3	26	の息子なんだよGXそれで村のみんなは気まずくなってしまってね…GN一番C027	
3	27	悩んでいるのは長なのかもしれないけど、もう許せないよ	
3	28	U様のおかげで、また昔のような活気がこの村に戻ってきましたよGX彼らC029	
3	29	の過去をすぐに水に流せるわけじゃないけれど、これからみんなでよい世C030	
3	30	界にするために努力すればよいのですからね	
3	31	まったくあの山賊達には困ってしまいますよ…GNせっかく貯めた食料や武C032	
3	32	器を持ちさってしまうのですから…GXこのままではこの村を出なければなC033	
3	33	らなくなってしまいますよ	
3	34	ああ…　W困った困った…	
3	35	山賊達は改心したんですってねGNでも、今すぐ信用はできませんね…GXいC036	
3	36	ずれ時が解決してくれるのでしょうが、すぐに人を信用できないのは寂しC037	
3	37	いことですなあ	
3	38	早く皆が信頼しあえる世の中になるといいですな	
3	39	どこの方かは知らんが、この村には山賊が来るから気をつけなされやGN怪C040	
3	40	我をしたらつまらんでな…	
3	41	あの山賊達は元々この村の者だったのじゃW山賊の首領はタヂカラというC042	
3	42	猟師でな、その腕は素晴らしいものじゃったGXしかし、長とのいさかいがC043	
3	43	絶えずに、とうとうこの村を飛び出していったのじゃGX本当は気の優しいC044	
3	44	いい男なのだが…GNまったく首領がタヂカラでは長もお困りじゃろうな…	
3	45	タヂカラは盗んだものを皆のところに返しに歩いたそうですよGNやはり悪C046	
3	46	い男ではなかったのじゃな	
3	47	本当の悪がなくなるようにがんばってくださいよGNU様！	
3	48	おお、イズモの方ですなWNお怪我はありませんでしたか？GNまったく面目C049	
3	49	ないことで…GX奴らは元々この村の者だったのですが、私の方針に反対しC050	
3	50	て私の息…Wいやタヂカラという猟師を中心に村を飛び出したのですGXC051	
3	51	それ以来この村にいやがらせをするようになってしまって…GNそれに最近C052	
3	52	山に食料が少ないらしく、村の食料を狙ってやってくるのですGX世界を救C053	
3	53	うというあなたのお噂を聞き、この村もお譲りしようと思うのですが…GNC054	
3	54	ひとつだけ私の願いを聞いてくださいGXその願いとはあの山賊達を改心さC055	
3	55	せてやって欲しいのですGX彼らも最初はこの村を思うからこそ、私の意見C056	
3	56	に反対して行動を起こしたのですから…GNもし…W　もう一度だけでも話C057	
3	57	し合う機会があれば、きっとわかってくれるはずですGX山賊達は自分にかC058	
3	58	なう相手がいないと見ていい気になっているのですGNU様にこらしめてC059	
3	59	いただければ、目も覚めることでしょうGX迷惑な話だとは思いますが、どC060	
3	60	うかよろしくお願いします	
3	61	山賊達のねぐらはこの村の南の洞窟だと聞いていますGNよい知らせを待っC062	
3	62	ておりますぞU様！	
3	63	おお！　Uさん！WN遅かったじゃねえか！GNC080	
3	64	かと思うんだけど…GNなんかこうあらたまるとはずかしくってよう…	
3	65	あっ！　Wタヂカラ！！！GNおまえって奴は！！！	
3	66	ま、W待てよおやじWNもうおれは改心してU様のために働くって決めたんだC067	
3	67	からよGN今までのこともこの通りに謝るから…	
3	68	そうか…W…W…W　よく帰ってきたよタヂカラ…	
3	69	U様、いろいろとありがとうございましたGNこれからはあなたのお力でこC084	
3	70	SF005イナバの村を譲り受けた！F007	
3	71	それから私はもう歳ですから、このまま隠居させてもらいますGXその代わC072	
3	72	りと言ってはなんですが、この男を使ってやってくださいGN口は悪いですC073	
3	73	が腕は立ちますからGXほら！　Wおまえからもお願いしろ！	
3	74	はい、はいGN稲作のことはよくわかんねえけど、ケンカと狩りのことだっC075	
3	75	たらまかせてくださいよGXきっと役に立ちますから！WNじゃあまた後で！	
3	76	まったく調子のいい奴だ…	
3	77	U様、これから困難なことが多いでしょうが、がんばってくださいよ	
3	78	早く良い世の中になるといいですな	
3	79	きれいな石を見つけたんだよGNでもこれはあたしの宝物だからあげないよ	
3	80	ちゃんと兵士の身なりにして待ってたんだぜGXそれでよう…W　おやじにC081	
3	81	謝ろうC64	
3	82	今、長は山賊のことで悩んでおられるのだWまた後で…W　むっ！	
3	83	長は悩んでおられるのだN一人にさせてやってくれ…	
3	84	の村をよくしていってください	
3	85	どうぞお通りください	
4	0	あなたが大国主のU様ですねGX私達はあなたのような方をお待ちしておりC001	
4	1	ましたGXこのタジマの村は元々イナバから分れた村Gイナバの村をあなたC002	
4	2	が治めるのであれば、この村もあなたにお譲りしないわけにはいかないでC003	
4	3	しょうGXどうぞこのタジマをお受け取りください	
4	4	SF005タジマの村を譲り受けた！F007	
4	5	しかし、ひとつだけ忠告をさせてくださいGそれはこの世界には確実に何C006	
4	6	か暗い影が近付いていることですGXその影の力により、人々の心は乱れ、C007	
4	7	村々は争いを起こしていますGNこのままでは人々の心は暗く閉ざされ、古C008	
4	8	くからの言い伝えのようにスサノオがこの世界に戻ってしまうのかも知れC009	
4	9	ませんGXあなたへのアマテラス様の言葉が真実であれば、早くすべての村C010	
4	10	から争いをなくさなければなりませんGXまだまだすべての村に平和をもたC011	
4	11	らすには長い時間が必要ですが、力を合わせてがんばりましょうU様！GXC012	
4	12	私も世界のために力を尽くしますGNそれではまた後ほど	
4	13	この村はタジマの村GN山に囲まれた静かな村ですわ	
4	14	この村は山に囲まれているが、鍛冶の材料にはとても恵まれているんだGNC015	
4	15	もっと鍛冶の人数と技術があがれば、多くのものを作れると思うよ	
4	16	この村の鍛冶の技術力は高いけれど、武器を作るよりもっと人の役に立つC017	
4	17	道具を作ることが大切だと思うんだGXみんな武器を作りたがるけど、それC018	
4	18	は間違っていると思うな、おれは	
4	19	山ではいろいろな木の実が拾えるんですよWでも生で食べられるものは少C020	
4	20	ないのでNお湯であくを抜かないとだめですね	
4	21	お兄ちゃんどこから来たの？GN昔はよく海の村とかから人が来てたんだけC022	
4	22	ど、最近は誰も来なくてさびしいなあ…	
4	23	お兄ちゃんは大国主なんだってね！GN早くみんなが仲良くできて、どこでC024	
4	24	も行けるようになるといいね！	
4	25	武器や道具の中には特殊な魔力を秘めているものがあるそうですGN手に入C026	
4	26	れたものは使ってみるといいでしょうGXただし道具の中には使うと壊れてC027	
4	27	しまうものもあるそうですので注意してください	
4	28	この村を出て、南に行くとキビの村がありますGN今、キビの村には妙な噂C029	
4	29	があるので注意してくださいね	
5	0	この村は漁労が盛んだGNちなみにおれも漁をしているんだ	
5	1	このまえなんかは人の何倍もあるような魚を釣り上げたんだぜGNまあ、こC002	
5	2	の村でおれの右にでる漁師はいないな	
5	3	このまえなんかは、家の何倍もあるようなそれはそれは大きな魚を釣り上C004	
5	4	げたんだぜGNまあ、この村でおれの右にも左にも出る漁師はいないな	
5	5	このまえなんかは…GNえ？　うそをつくなって？WNそうなんだよな…GNおC006	
5	6	れも実はどんな魚を釣ったか忘れちゃったんだよGXまあ、楽しければそれC007	
5	7	でいいじゃないかWNなっ？	
5	8	ここはキビの村だN海での漁が盛んな村だよGXところであの木の所にいるC009	
5	9	男の自慢話を聞いたかい？Y	
5	10	そうかい、奴が釣った魚は最初は子供くらいの大きさだったのが、今ではC011	
5	11	人の何倍もあるって話だなGN釣り上げてから大きくなる魚は珍しいよな	
5	12	あんな奴の話は聞き流したほうがいいよGNどうせうそばっかりなんだから	
5	13	最近、この村の長のキビツヒコ様は人が変わったようですわGN目つきがそC014	
5	14	う…WNなにかとっても薄気味悪いんですよ…GX夜になるとどこかに出て行C015	
5	15	くという噂もあるし、Wどうしたのでしょうか…	
5	16	鬼が長に化けていたなんて…WNそんな恐ろしい怪物がそばにいたと思うだC017	
5	17	けで、ぞっとしますわGX亡くなった長のためにも、がんばってくださいね	
5	18	早く、いやな事のない世の中になるといいですね	
5	19	この村の沖にある島には、鬼が棲むって噂があるんだGXそれで誰も近寄るC020	
5	20	者はいないんだけど、最近夜になると島に行く船があるらしいんだW物好C021	
5	21	きな奴がいるもんだ	
5	22	長が鬼だったとは…GN世界が滅びるなんて他人事だと思っていたのに…	
5	23	長の命令により、海に人を出すわけにはいかぬ	
5	24	この度はありがとうございました	
5	25	早くよい世の中になるといいですな	
5	26	………Wおまえが…　WUか…GX世界を救おうなどと甘ったれた事を言ってC027	
5	27	るようだが、もう遅いのだGN世界は乱れ、もはや力のある者しか生き残るC028	
5	28	ことはできんGXフフフ…W　おまえも殺されたくなければ、帰って戦いのC029	
5	29	準備でもするんだなGNさあ、とっとと出て行け！	
5	30	しつこい奴だなWNおまえにこの村を譲る気などないのだGNとっとと出て行け！	
5	31	あなたがU様ですな？GN私はこの村の武人でタケミミスギという者です	
5	32	もうこの村の長とは話をされましたかY	
5	33	そうですか…　Wやはり村を譲るのを拒みましたか…	
5	34	では、長に会って村を譲るように話をしてくださいGNそれでもだめならC035	
5	35	また私の所に来てくださいGXその時はあなたにお話ししなければならないC036	
5	36	ことがありますので…	
5	37	実は長のキビツヒコの様子がおかしいのですGX以前は混乱した世C038	
5	38	界のために、U様に協力したいと言っていたのですが…GN先日海に出て、C039	
5	39	帰ってきて以来、人が変わってしまったのですGXおかしな言動が多くなりC040	
5	40	、また夜になると船でどこかに出て行くようなのですGXU様、W私達キビのC041	
5	41	村の者はあなたにこの村を譲ることを望んでいますGNしかし、長が反対しC042	
5	42	ているのでは逆らうわけにもいきませんGXですから、私と一緒に長が変わC043	
5	43	ってしまった原因をつきとめていただけませんでしょうか？GN原因がわかC044	
5	44	れば長も昔のように良い人に戻ってくれるはずですGXお願いしますU様WNC045	
5	45	力を貸してくださいY	
5	46	本当ですか！　W大国主のU様に力を貸していただけるなら、もう恐いものC047	
5	47	なしですよGXそれでは夜に長が出て行くところを尾行しますので、体力をC048	
5	48	回復させるなどの準備ができたら、また私の所に来てくださいGN頼りにしC049	
5	49	てますよU様！	
5	50	そうですか…GN戦いを避けて、この村をあなたにお譲りしようと思ったのC051	
5	51	ですが…GX戦争になるのはもっともなことですが、私はここにいますのでC052	
5	52	気が変わったなら声をかけてやってください	
5	53	お待ちしておりましたぞU様GX力を貸していただけるのですか？Y	
5	54	準備はできましたかU様？Y	
5	55	それでは、長が動くのを待つとしますか	
5	56	そうですか、それでは準備が整ったら来てくださいね	
5	57	長は出て行ったようですGNさあ、我々も行きましょう	
5	58	SF005そして、夜がふけていった…F007	
5	59	長は船で沖に出たようですN多分…　Wあの島では…GNでは我々もこの船でC069	
5	60	この村には牛鬼という怪物の言い伝えがあるのじゃGNその恐ろしい怪物はC061	
5	61	夜になると、水の中から姿を現して、身の毛もよだつような声をあげるそC062	
5	62	うじゃGXまたその姿はクモの身体に鬼の顔を持つと言われておるGNもし、C063	
5	63	この話がまことなら、奴を倒すためには尻を攻撃するべきじゃろうGXクC064	
5	64	モは尻が大事な部分だからのう	
5	65	なんと、牛鬼を倒したというのか！GNううむ…　W大国主様のお力はたいC066	
5	66	したものじゃのうGXしかし、わしの助言も役に立ったということで、これC067	
5	67	で自慢のたねが増えましたぞWNはっはっはっ！	
5	68	これからはこのじじいが死ぬまで、U様の御武勇を語り継いでいきますぞ	
5	69	行きましょう！	
6	0	ここはミワの村GNこの村の先の山には、特別な人以外は入ることはできなC001	
6	1	いんですよ	
6	2	山に入られるのですねGNお気を付けてくださいね	
6	3	この村はミワの村GN山の先にはクマノの村がありますよ	
6	4	ヒスイやメノウなどの宝石は不思議な力を秘めていますGNその力をさらにC005	
6	5	引き出すために勾玉のように加工するのです	
6	6	山の中には同じような場所が多くありますG迷ってしまわないように慎重C007	
6	7	に行動することが必要です	
6	8	山で神様にお会いできたのですねGNさすがは大国主様ですな	
6	9	オオモノヌシ様は昔、この村のきれいな女の人に恋をしたそうですGNそれC010	
6	10	で夜になると若い男の姿になって、その女性のもとに来ていたという話がC011	
6	11	伝えられていますわGN神様もすみにおけないですね	
6	12	村にやってきたオオモノヌシ様はすてきな方でしたわGNでも本当はどんなC013	
6	13	姿なのかしら？	
6	14	人と人が争わなければならないとは悲しいことですね	
6	15	オオモノヌシ様は元々は天上界の神様だったらしいが、あるときこの世界C016	
6	16	をよくするためにやってきたそうだGX大国主のあなたが話をすれば、きC017	
6	17	っと力を貸してくれると思いますよGXあっ、Wそれからオオモノヌシ様C018	
6	18	は普段はそれは恐ろしい姿をしているらしいよGN怪物と間違えて襲いかかC019	
6	19	ったりしないようにね	
6	20	オオモノヌシ様には会えたんだねGNあんたはたいしたもんだよGXそれであC021	
6	21	んたにまた会えたら渡そうと思ってたんだけど、じいちゃんからもC022	
6	22	らったこの首飾りをあげるよ	
6	23	なんでもこれには身を守る効果があるらしいよGN大事に使ってくれよUさん！	
6	24	お待ちしておりましたU様GN私はこの村の長ですが、私はオオモノヌシ様C025	
6	25	のお言葉を伝えるためにあるのですGXあなたがここに参られることは、おC026	
6	26	告げによって存じておりましたGNオオモノヌシ様はあなたと同じように、C027	
6	27	この世界の先行きを危惧されておられますGXそして世界を救うために、あC028	
6	28	なたに力を貸そうとしておられるのですGXさあ、オオモノヌシ様は山であC029	
6	29	なたを待っておられますGNこの村はあなたが山での試練を乗り越えたならC030	
6	30	すぐにお譲りするようにと命じられています	
6	31	山では慎重に行動してくださいGN無事に試練を終えられることをお祈りしC032	
6	32	ておりますぞ	
6	33	この村では玉造と鍛冶が盛んですよ	
6	34	早くよい世の中にしてくれよUさん！	
6	35	原石を玉造で加工してもらうときには、技術力の高い村の玉造にお願いしC036	
6	36	たほうがいいですよGN技術力が高ければそれだけよいものが作れますからね	
6	37	食料生産が住民の需要を大きく上回るようになったら、食料供給率を上げC038	
6	38	てくださいねGN食料がたくさん供給されれば、住民は豊かになり、人口もC039	
6	39	大きく増えることでしょうからGXそれに生活にゆとりができれば文化度もC040	
6	40	上昇すると思いますよGNゆとりが創意工夫を生むということですね！	
7	0	この村はクマノの村だGN村の西にはアワミの村がある	
7	1	アワミの村は広い土地を持った強い村だ	
7	2	この村の長は真剣にこの村、そしてこの世界のことを考えているGX大国主C003	
7	3	のあなたに村を譲らないのも、あなたにこの世界をまとめる力があるかをC004	
7	4	試そうとしているのかも知れない…	
7	5	まだこの村の先には大きく強い村がひしめいているGNそんな所にあなたがC006	
7	6	行っても話を聞いてくれるようなお人好しな長は少ないだろうGX村を得C007	
7	7	るための戦いは無駄な血を流してしまうが、それでも世界をよい方向に引C008	
7	8	っぱっていくには強い力が必要なのだGX長はあなたに戦う勇気を教えたかC009	
7	9	ったのだと思いますよ	
7	10	お兄ちゃんこの村を攻めに来るの？Y	
7	11	…Wじゃあ、敵なんだね…GN早くこの村から出て行け！	
7	12	それは本当？WNでも世界のためには必要なんでしょう？GNいいんだよ、嘘C013	
7	13	をつかなくても…	
7	14	何で戦わなくちゃいけないんだろう…	
7	15	お兄ちゃんはいい人なんだよね？GN悲しいこともあったけど、これからはC016	
7	16	よい世界になるんだよね？	
7	17	おや…  Wあなたが噂のU様ですかGNもうこの村以西をすべてまとめたといC018	
7	18	うことですなGXしかし、Wこの村はあなたに渡すわけにはいきませんなGNC019	
7	19	村は私達にとってかけがえのないものですG見も知らぬ人に簡単に渡すこC020	
7	20	とはできませんGXあなたにすべての村をまとめる力があるのなら、この村C021	
7	21	は力ずくで奪ってみることですなGXこれが私達の返事ですGNさあ、お帰りC022	
7	22	ください	
7	23	まだ、ここにおられたのですか…GN我々はあなた達を迎え撃つ用意がありC024	
7	24	ますので、お引き取りください	
7	25	我々も無益な戦いはしようとは思っていませんGNしかし、力が必要な場合C026	
7	26	もあるということを忘れないでください	
7	27	今までの戦いが無駄にならないように、早くよい世界にしましょうU様	
7	28	ミワの村の鍛冶屋に鉄鉱を持っていくと、特殊な槍を作ってくれるらしいC029	
7	29	よGXこのほかにも特定の村でしか作れない武器や防具もあるみたいだね	
7	30	あなたがU様ですねY	
7	31	ああ、よかったGN実はあなたに渡すものがあったのですGXそれはある夜のC032	
7	32	ことでしたWN私は不思議な夢を見たのですGN夢の中では女神が武人のようC033	
7	33	な男の神と話をしていましたGN光に包まれた女神は男の神にU様を助けC034	
7	34	に行くように命じていましたGXしかし、男の神はまだ時期が早いと答えてC035	
7	35	持っていた剣を投げたのですGXそして、目が覚めて家の裏でこの剣を見C036	
7	36	つけたのですGN最初は信じられませんでしたが、あなたが現れるまではとC037	
7	37	、今まで大事に守っていたのですGXさあ、この剣をお受け取りください	
7	38	本当に不思議な事があるものですなあ…GNあ、Wそれから男の神はいずれC039	
7	39	あなたに会うこともあろうと言っていましたよ	
7	40	そうですか、あなたがU様だと思ったのですが…GN早くこの刀をお渡ししC041	
7	41	なければな…	
8	0	おや、Wおまえが大国主などといって調子に乗っている小僧か…GNアマテC001	
8	1	ラスやスサノオだとか言って、お人好しの奴らをだましているようだが、C002	
8	2	Wわしは神など信じないのだGX信じられるのは自分の心と力だけだGNおまC003	
8	3	えのたわごとなど聞いている暇はないGさっさと帰るんだな！	
8	4	しつこい奴め、Wとっとと出ていけ！	
8	5	この村はアワミの村だGN用が済んだら出て行かれるがよい	
8	6	この村からはイブキ、ミノ、ヤマシロなど多くの村に行くことができます	
8	7	まずはイブキの村に行ってみるといいでしょう	
8	8	スサノオが復活して世界が滅びるって？GNそんなばかなことがあるか！GXC009	
8	9	各地で戦争が続いているからって、いい加減なことを言うな！GNおれはだC010	
8	10	まされないぞ…	
8	11	ねえ、U様WN世界は滅びないですよね？Y	
8	12	そんな事言わないでくださいよ…GNわたしもまじめに働きますから…	
8	13	そうですよね、だいじょうぶですよねGNああ、よかった	
8	14	この村の長は権力欲が強く、Wいつかはすべての村を自分のものにするとC015	
8	15	いつもいっていますGX兵士達もそんな長の話を聞かされて、自分のことC016	
8	16	しか考えなくなってしまったのですよ…	
8	17	これからはU様の指導でよい村にしてくださいよ	
8	18	ここだけの話ですが、長はあなたのことをうそつきだと皆に教えていましC019	
8	19	たGX本当は自分の権力を奪われるのが嫌なだけなんですよ…GNあんな男がC020	
8	20	長ではこの村ももうだめですね…	
8	21	村の者はあなたに期待していますGNどうか期待に応えてよい村にしてくC022	
8	22	ださいよU様！	
8	23	おまえがうそつきのUだなWN自分が支配者になりたいからって、いい加減C024	
8	24	なことを言いやがって！GN早くこの村から出て行け！	
8	25	今考えると、前の長の考えは間違っていました…GNこれからは世界のためC026	
8	26	に働こうと思います	
8	27	イブキの村では何か変なことが起こっているらしいよGNなんでも山で猟がC028	
8	28	できないとか…GN村の者は困っているだろうなあ	
8	29	イブキの村の問題は片付いたらしいねGN何でも大国主が山の神に話をつC030	
8	30	けに行ったとか…GNたいした男だねえ	
8	31	この村の先のイブキの村では狩猟が盛んだよ	
9	0	この村はイブキの村GN狩猟が盛んな村ですが、W今は山に近付けないんですよ	
9	1	山に行かれるのですねGN山の神は姿を変えて、人を試すといいますから慎C002	
9	2	重に行動されてください	
9	3	この村はイブキの村GN西に行くとオバリの村がありますよ	
9	4	この頃、山には恐ろしい怪物が出るそうなんですよGN恐くて木の実も拾いC005	
9	5	に行けませんわGX狩猟も獲物が捕れないらしいし…GN山の神がお怒りになC006	
9	6	っているのでしょうか…	
9	7	山の神は私達をお許しになったのですねGNこれで安心して生活できますわC008	
9	8	GXありがとうございましたU様	
9	9	山の神を倒されたのですか…GNでも、人間は自然を大事に生活しなければC010	
9	10	いつかひどい目に会うと思いますわ	
9	11	木の実拾いなどの山仕事は女の力では大変ですGNこう毎日では疲れてしまC012	
9	12	いますわ	
9	13	最近、まったく獲物が捕れないんだよ…GN子供も生まれたばかりなのに、C014	
9	14	これじゃ家族そろって飢え死にしてしまうよ…	
9	15	山で獲物が捕れるようになったんだよGN山の幸って言葉をこれほど実感しC016	
9	16	たことはなかったよ…GXこれからは自然を大事にする気持ちを忘れないよC017	
9	17	うにしなければね	
9	18	山の神を倒したんだってね…GN仕方なかったのかもしれないけど、自分達C019	
9	19	も自然に対してひどいことをしていたと反省しているよ…	
9	20	この村では狩猟が盛んだよGN山での猟は大変だけど、家族が生活するためC021	
9	21	にはがんばらなければねGX子供の顔を見れば疲れも取れるしね！	
9	22	山には見たこともないような怪物がうろついているんだGNそれにこの間なC023	
9	23	んかは白い大きな猪に追いかけられるし…GX山で何が起こっているというC024	
9	24	のじゃろう…	
9	25	山の神と話を付けてくれたそうじゃのうGNまったくありがたいことじゃ	
9	26	山の神は昔からわしらに恵みを与えてくれたのじゃGNその恩を忘れてしまC027	
9	27	っていたとは…W恥ずかしい限りじゃよ	
9	28	わしらは昔から山と共に生活をしてきたのじゃよGNこれからもそうしたいC029	
9	29	のう	
9	30	噂では山での異変は山の神のお怒りのせいらしいGNそう言われてみれば、C031	
9	31	我々も自然の恵みに対する感謝の気持ちを忘れているかも知れないなあ…	
9	32	山に向うのですねU様GN山の神も心正しき人が行けば、話を聞いてくれるC033	
9	33	と思いますよ	
9	34	山の神とお会いになったのですねWNこの村もこれで平和になりますよGNC035	
9	35	ありがとうございましたU様	
9	36	山の神を倒したそうですな…GNあなたの強さはすごいとは思いますが、人C037	
9	37	間だけがこの世界にいると思っていてはいけませんよGX自然と共に暮らしC038	
9	38	ていかなければ、いずれ人間も滅びてしまうでしょうから…	
9	39	この村の先にはオバリの村がありますGNこのあたりでは大きな村ですよ	
9	40	鍛冶屋に持ち込む鉱石の中には天つ金という、とても珍しいものがあるそC041	
9	41	うだGXその天つ金でできる武器や防具はとてもすばらしいそうだよGNしかC042	
9	42	し、技術力が高い村じゃないと扱えないらしいよ	
9	43	あなたが大国主のU様ですか…GN村譲りの話は聞き及んでおりますが、WC044	
9	44	先に今この村で起こっている話を聞いてくだされGXWこのイブキでは昔C045	
9	45	から山での狩猟が盛んでしたGN人々は木の実や動物などの山の恵みによっC046	
9	46	て暮らしてきましたGNそして住民の数は増え、多くの食料が必要になってC047	
9	47	いますGXしかし、山では最近になって不思議なことが起こるのですGNまっC048	
9	48	たく獲物がいなかったり、見たこともないような怪物に襲われたり…GXこC049	
9	49	のままではこの村の住民はここに住めなくなってしまいますGN足りない食C050	
9	50	料を補うにも、稲作などの技術を持つ人物もおらず困り果てているのですC051	
9	51	GX…Wそれで他の村の方にこんなことを頼むのはどうかと思いますが、大C052	
9	52	国主であるあなたにお願いがあるのですGXそれはこの村を出たところにあC053	
9	53	るイブキの山で起こっている異変の原因を調べてもらいたいのですGX村のC054	
9	54	者は山の神の怒りが原因だと噂をしていますが、W本当にそうであれば山C055	
9	55	の神に我々が生活できるように説得してくだされGX村の者はおじけづいてC056	
9	56	しまって、どうにもならんのですよ…GX村を譲ることは皆と話し合いますC057	
9	57	ので、とにかく山に向ってはいただけませぬか？Y	
9	58	そうですか！　W行っていただけますか！WNなんとお礼を言っていいか…C059	
9	59	ありがとうございますU様	
9	60	山では十分注意してくだされよU様	
9	61	そうですか…WN自分の村のことは自分でしろということですな…GX分りまC62	
9	62	した…　Wそれではお引き取りください	
9	63	おや？　WU様！GN願いを聞いていただけるのですか？Y	
9	64	お待ちしておりましたぞU様！GNあなたが山に向われてから、私の夢枕にC065	
9	65	山の神が現れたのですGX神は私に今までの行ないを反省して、U様にこのC066	
9	66	村を譲るようにと命じられたのですGXもはや、この村をお譲りしない理由C067	
9	67	はありませんGNどうぞこのイブキの村をお受け取りください	
9	68	SF005イブキの村を譲り受けた！F007	
9	69	私も山の神に叱られて、目が覚めましたGN私達は自然に対する感謝と尊敬C070	
9	70	の気持ちを忘れてしまっていたのですGNこれでは神様がお怒りになるのもC071	
9	71	もっともなことですGXこれからは自然と人間が共に歩めるようなよい指C072	
9	72	導をお願いしますよU様GXそれでは準備がありますので、またおいでください	
9	73	この村にいる鬼道師のイピカ様はそれは恐ろしい術を使われるそうだGNそC074	
9	74	の術は戦闘の時に威力を発揮するそうだよ	
9	75	おお！　WU様！N山の神を倒されたそうですな…GNそれで御無事にC076	
9	76	帰ってこられるとは…GXまったくあなたのお力には恐れいりましたさあ、C077	
9	77	この村をお受け取りください	
9	78	しかし、この度の一件は、私達が山の神をおろそかにしたために、起こっC079	
9	79	たのだと今では反省していますGXこれからは我々の生活と自然が共存できC080	
9	80	るように指導をお願いしますGNそれでは準備がありますので、また後でおC081	
9	81	いでください	
10	0	この村はオバリの村だGNこのあたりでは大きな村だよ	
10	1	ここから先に行くと、ヤイヅの村があるよ	
10	2	潮風に吹かれながら海を見ていると、心が落ち着きますわGN世界が終ってC003	
10	3	しまうなんて、この美しい海を見ていると信じられないのですが…	
10	4	わしはこの海辺の村の中でも泳ぎにはうるさいぞGXわしの見事な泳ぎを見C005	
10	5	たいかなY	
10	6	よしよしW　それではここで見ているがよいGXではいくぞWWNどりゃあああC007	
10	7	っーーーーーーーーーーー	
10	8	うわっぷ！W　うがっ！WWNうっひゃああーーーーーーーーーっNWつ、WつC009	
10	9	めたいーーーーーーーっ	
10	10	ぶるぶるぶる…　W死んだかと思ったわい…Wこれからは準備運動をしなけC011	
10	11	ればならんのう…	
10	12	無理をしたら調子を悪くしてしまったわいWわしも歳じゃのう…	
10	13	このあたりには海の中にあるという竜宮城の伝説が伝わっているんだGN詳C014	
10	14	しい話が聞きたかったら、この村のじいさんに訪ねてみたらどうだい？C015	
10	15	GXでも水の中に人なんか住めるのかねえ…GN息ができないんじゃないかな？	
10	16	遠慮せんでもよいのにGN見かけは年寄りだが、身体は元気なんじゃから	
10	17	U様、竜宮城に行ったんですってねGNうらやましいなあ…　WだってきれいC018	
10	18	な女の人が大勢いるんでしょう？GNおれも行ってみたいなあWNうっ！　WC019	
10	19	よ、Wよだれがっ！	
10	20	この村からずっと北にあるコシって村は強い村らしいねGNここまで攻めてC021	
10	21	こなければいいけど…	
10	22	お待ちしておりましたぞU様GXあなたのお噂を耳にして、いても立ってもC023	
10	23	いられなかったのですぞ！GX私はこの世界が終ってしまうという噂を聞きC024	
10	24	、まさかと思って古い書物を調べたのですGXすると調べれば調べるほど、C025	
10	25	この世界の終りが近付いているという噂は本当のようなのですGN世界は混C026	
10	26	乱の果てに復活を遂げた破壊神のために永遠に闇に包まれてしまうでしょC027	
10	27	うGXしかし、Wある書物の中にはこの危機を救うであろう人物のこC028	
10	28	とが記されていましたGN正しい心と天地をも揺るがす力を持った男GXそうC029	
10	29	、WそれはあなたなのですGNこの戦乱をまとめて、世界を救えるのはあなC030	
10	30	たしかいないのですGXさあ、まだ多くの村があなたの救いを待っていまC031	
10	31	すGN先を急ぎましょうU様！	
10	32	SF005オバリの村を譲り受けた！F007	
10	33	それでは準備がありますので、海でもご覧になってからまたおいでください	
10	34	この村でも最近はスサノオの噂をよく聞くよGNスサノオの復活とはいったC035	
10	35	い何が起こるというのだろう…	
10	36	おや？　Wおまえさんは誰じゃな？GNこの年寄りに何の御用かな？	
10	37	SUF005はヤイヅの村の事情を話した…F007	
10	38	竜宮の城の話でも聞きたいのかね？Y	
10	39	そうか、それではお引き取りくだされ	
10	40	竜宮の城というのは、海のどこかにある、それは美しい城なのだそうじゃC041	
10	41	GXそこには海を司る王がいて、魚達や潮の流れが自然のままであるようにC042	
10	42	見守っているのだそうじゃGNだからこのオバリの村など、漁師達はみな海C043	
10	43	の恵みを与えてくれる竜宮の王に感謝の気持ちを忘れないのじゃよGXさてC044	
10	44	、W竜宮城に行く方法もあるのだが…WN実際、わしも成功したことはC045	
10	45	ないのじゃ…GXできないことを教えるわけにはいかんのでな…WNC046	
10	46	このことにはふれんでおこうGNさあ、もうお帰りくだされ	
10	47	そうですか…　Wそれはお困りでしょうなGNそれでは、このじじいも力をC048	
10	48	お貸しましょうGXこのかごを使ってみてくだされGNこれは昔、わしが竜宮C049	
10	49	に行こうと思って、言い伝えを元に作ったものなのですじゃGXこれに乗っC050	
10	50	て、うまく潮を選べば竜宮にたどり着けるはずじゃGN潮はヤイヅのじいさC051	
10	51	んがよく知っておるから、じいさんに頼んで乗せてもらえばいいじゃろう	
10	52	無事に竜宮の王に会えることをお祈りしておりますぞNU様！	
10	53	おお！　WU様！GN無事に竜宮に行けたのですな？GNできればこのじじいにC054	
10	54	竜宮の様子の話をお聞かせくださらぬか…	
10	55	SUF005は竜宮の様子を老人に説明してあげたF007	
10	56	そうですか、そうですか…GNわしは小さいころから竜宮に行くことが夢だC057	
10	57	ったのじゃよ…GN何回も試してみたのじゃが、やがて普通の人間では行くC058	
10	58	ことができないとあきらめておったのですよ…GXしかし、U様のおかげでC059	
10	59	夢がかないましたGNU様のお話で、わしの頭の中に竜宮の姿がはC060	
10	60	っきりと見えましたぞ	
10	61	ありがとうU様GNあなたの竜宮のお話は一生忘れることはありませんぞ！	
10	62	この村にはホデリとホオリという兄弟がいるんだGN二人はそれぞれ海と山C063	
10	63	の幸を取っているから海幸、山幸と呼ばれているんだよ	
11	0	このヤマシロは豊かな村だGNきっと、いつかこの世界の中心になるんだ	
11	1	この村はヤマシロの村ですGNこれからはよい世界にしたいですね	
11	2	オワミの村に勝ったようだなWNしかし、この村もそういくとは限らんぞGXC003	
11	3	よそ者にこの村をだまって渡すわけにはいかないからな	
11	4	今までは争いに勝つことしか考えていなかったが、これからは皆が平和にC005	
11	5	暮らせることを目指さなければ…	
11	6	この村では土師部による土器作りが盛んですよGN土器の中にはそれを作っC007	
11	7	た人の力が乗り移ったような、すごい力を秘めたものがあるのですGN戦いC008	
11	8	の時にその力が放たれれば、強力な効果が得られることでしょう	
11	9	この村のあたりは昔から争いが多くてのう…GNそれで人の心も荒んでしまC010	
11	10	っているのじゃよGNわしが死ぬ前によい世界にならんかのう…	
11	11	これからはU様のお力で人々を正しい道に導いてくだされGN人々が正しいC012	
11	12	心を持っていれば、世界はいつまでもなくならないはずですじゃ	
11	13	おまえがUだなGN世界を救うなんて偉そうなことを言っているらしいなGXC014	
11	14	しかし、本当は自分が支配者になりたいんじゃないのか？Y	
11	15	やはり、そうか…GNおまえなどに死んでもこの村を譲るもんか！WNさっさC016	
11	16	と出て行け！	
11	17	そんなうまいことを言ってもだまされないぞ…GN悪党はみんな甘い言葉でC018	
11	18	人をだますんだ…	
11	19	ぼくの兄ちゃんはこの前の戦いで帰ってこなくなったんだGNいつもいっしC020	
11	20	ょに遊んでくれたのに…GXもう、二度と会えないのかな…	
11	21	いつかは戦いのない世界になるんだよねGN信じてるよU兄ちゃん！	
11	22	ほう、Wあなたが大国主のU様か…GNこのヤマシロの村にようこそGXこの村C023	
11	23	のあたりは昔から争いが絶えなく、私達は村を守るために戦い続けてきまC024	
11	24	したGX今まで多くの血を流してきたのですGNそんな私達が信じられるのはC025	
11	25	自分の力だけだということがわかりますか？GX村を守り、豊かな生活をすC026	
11	26	るために戦ってきた私達が、この村をあなたに渡すことはできませんGNそC027	
11	27	んなことをしたら、今までに流された血はなんのためだったのかがわからC028	
11	28	なくなってしまいますGXこれ以上お話をしても仕方がありませんGNどうC029	
11	29	ぞお引き取りくださいGN戦うのであれば、私達もすべての力を出してお相C030	
11	30	手させていただきますので…	
11	31	これ以上、話をしても無駄と言ったはずですGNお引き取りください	
11	32	この村のイワサク、ネサクの兄弟はそれはすごい力持ちだGNあんな男達とC033	
11	33	戦うのはごめんだねN味方で良かったよ	
12	0	ここはサガラカの村ですGN北に進むとワナミの村がありますよ	
12	1	スサノオとアマテラスの言い伝えはこの村にもありますよGNしかし、スサC002	
12	2	ノオが復活して世界が滅びるなんて、本当に信じている人は少ないですよ	
12	3	この村の長は石占いが好きで、最近では村の行動も占いで決めているらしC004	
12	4	いよGN困ったもんだね	
12	5	前の長みたいに占いで行動を決めているとその通りにしか行動できなくC006	
12	6	なってしまうんだねGXU様はそんなことはないですよね！	
12	7	ワナミの村にはなんでも海賊が来るらしいねGNこの村も近くだから注意しC008	
12	8	なければな…	
12	9	海で拾えるきれいな貝殻を首飾りにするんですGNでも、なかなかいい貝がC010	
12	10	拾えなくって…	
12	11	ワナミの海賊はいなくなったらしいねGNこれでこの村も安心だな	
12	12	この村は寒い地方に属するが、稲作はうまくいっているGNこれも私の見つC013	
12	13	けた寒さに強い稲のおかげだよGXシナノの村のような寒い所でも丈夫に育C014	
12	14	つと思うよGNでもこの稲は他の村の者に分けてやることは出来ないけどね	
12	15	そうですかこの稲を必要としている村があるのですか…GXC016	
12	16	それではこのモミをお持ちくださいGNこれならばどこでも育つはずですよ	
12	17	私の稲がシナノでも丈夫に育つといいですね	
12	18	この稲で、この村だけではなく、すべての村が幸せになるといいですね	
12	19	あなたがU様ですな？GNあなたがここを訪れるのは占いにより、わかってC020	
12	20	いましたGNそしてあなたが村を譲れと言うことも…GXそれで前もって返答C021	
12	21	を占ってみたのですGNそして、Wその結果は争いと出ましたGXわたしもあC022	
12	22	なたと争うのはどうかと思うのですが、これは神の意志なのですGN我々はC023	
12	23	あなたと戦わなくてはなりませんGN村を譲ることはできませんので、どうC024	
12	24	ぞお引き取りください	
12	25	戦いは神の意志なのですGNどうぞお引き取りください	
12	26	UF005は農民にシナノの村が寒さに困っていることを告げたF007	
12	27	でも、私がモミを渡したことは、この村の者には内緒にしてくださいね	
13	0	ここはミノの村だGN山男の多いこの村だ、ケンカにならないうちに早く帰C001	
13	1	ってくれ	
13	2	ここはミノの村だGNこの先にはシナノの村があるよ	
13	3	このあたりじゃ馬を飼って、育てている住民が多いんだGN馬に乗った兵士C004	
13	4	は戦場を駆け巡ることができるんだよ	
13	5	馬は人によくなれて、とても可愛いんだGN戦争の道具なんかにするのは、C006	
13	6	嫌なんだけど…	
13	7	早く馬達が戦いの道具にならないようになってほしいですね	
13	8	この村の騎馬部隊は向うところ敵なしだGNこの村を攻めるなら、大勢の兵C009	
13	9	を連れてくることだなGNはっはっはっ	
13	10	敵の村に攻め込む時には、部隊の練度や士気に注意することだGN練度や士C011	
13	11	気が低ければ、思うように戦うことはできんぞ	
13	12	この村の男達は血の気が多くてなGNいつも争いばかり起こしているのじゃC013	
13	13	よWN困ったもんだのう…	
13	14	この村の隣のシナノの村は標高が高い所にあるのだGNあれでは稲作も進歩C015	
13	15	しないだろうな…	
13	16	おまえがUとかいう青二才かGX破壊神が復活するなどと言って、各地の村C017	
13	17	を脅かしているようだが、Wこのわしにそんな脅しは通用せんぞGXわしはC018	
13	18	世界が滅びるなどこれっぽっちも信じてはおらんのだGNスサノオでもなんC019	
13	19	でもこの腕で追い払ってくれるわいGXおまえもこの村を欲しかったら自分C020	
13	20	の力で奪ってみるがよいGNいつでもわしは相手になってやるぞ	
13	21	おまえも大国主を名乗るのであれば、その力を見せてみろGNそうでなけれC022	
13	22	ば世界をまとめることなどかなわんぞGXさあ、とっとと出て行け！！	
13	23	U様はイブキの村には行かれましたかな？GXC024	
13	24	なんでも山で猟が出来ないので困っているらしいのでな、W大国C025	
13	25	主のあなたのお力でなんとかしてやってくだされGXイブキにはわしの孫がC026	
13	26	住んでおるのでGN心配なんじゃよ…	
13	27	イブキの村の事件を解決してくださったのですなGNさすがはU様じゃのう	
13	28	早く平和な世の中になって欲しいのう…GNイブキの村の孫の顔を見に行きC029	
13	29	たいのじゃよ…	
13	30	おまえは見かけない顔だなGNそれに変わった格好をしているし…GXうーむC031	
13	31	…W…W…GNあっ！！　Wおまえがスサノオだろう？GXえ？　W違うのか？GNC032	
13	32	そうだよな、スサノオならもうちょっと悪そうな顔をしているよな	
13	33	スサノオとはどんな奴なのだろうGN出会ったらとっちめてやるからな	
13	34	大国主の仕事はとても忙しいのでしょうな私などではとても勤まりまC035	
13	35	せんな	
14	0	ここはシナノの村GN山に囲まれた静かな村だよ	
14	1	この村の先にはコシの村があるよ	
14	2	この村は高い所にあるし、平地も少ないのでなかなか大きな村になれないC003	
14	3	んだよGNせめて稲作がうまくいってくれれば、生活も楽になるのにな…	
14	4	寒さに強い稲を探してきてくれたんだってねGNありがとうU様NこれからもC005	
14	5	よろしく頼みますよ！	
14	6	噂ではサガラカの村では普通の稲とは違う寒さに強い品種のものを育てC007	
14	7	ているらしいGXこの村にもその稲があればとは思うが、こんな戦乱の中でC008	
14	8	はおいそれと譲ってくれるわけはないじゃろうな…	
14	9	サガラカの村から稲を分けてもらったのですなGNさすがはU様ですな	
14	10	この村の寒さは骨身にしみるわいGNまいった、まいった…	
14	11	ヤマタノオロチの話を御存知かな？Y	
14	12	そうかい、もしオロチと戦うなら大蛇の剣という武器を探すがよいGNそのC013	
14	13	剣はオロチ退治に威力を発揮するという話を聞いたことがあるのでなGNC014	
14	14	コシの村ならもっとその剣の詳しい話が聞けるとおもうぞ	
14	15	この村の先にあるヌマカワという村には、頭が八つもあるそれは恐ろしいC016	
14	16	怪物が現れるGNその怪物がヤマタノオロチなのじゃGXヌマカワの村でC017	
14	17	はその怪物を恐れるあまり毎年若い女性を生け贄としてオロチに供えるC018	
14	18	そうじゃよGNまったくむごいことじゃのう…	
14	19	オロチを倒したそうですなGNU様の武勇はこの村にもすでに及んでおりまC020	
14	20	すぞGNこれで罪のない人々が助かることでしょうぞ	
14	21	この歳になると外に出るのもおっくうでのうGN家から出ない日が多くなっC022	
14	22	て困るよ	
14	23	山での猟はよいときと悪いときの波が激しいので、生活が安定しないのでC024	
14	24	すGN自分で猟に出るわけにもいかないし、いらいらしちゃいますわ	
14	25	これからはよい生活が出来るような指導をお願いしますGNねっ！　U様！	
14	26	あなたがU様ですなGNこの世界を救うために働いておられるとか…GXしかC027	
14	27	し、この村では世界の危機よりも、まず自分達の生活の方が重要なのですC028	
14	28	GXこのシナノは山に囲まれ、今まで常に食料に困ってきましたGN私も状態C029	
14	29	を良くしようと努力したのですがなにせ寒い場所にある村なので…GXC030	
14	30	世界のためにこの村をあなたにお譲りする気持ちはありますGNしかし、こC031	
14	31	こで私がやめたら、今までの村人の努力に対して面目が立ちませんGNC032	
14	32	なんとか村人の生活を良くしてあげたいのですGXそれで村を譲る条件としC033	
14	33	て、あるものを手に入れてきてもらいたいのですGNそれはどこかの村にあC034	
14	34	るという寒さに強い稲ですGNこれは噂なのですが、その稲は寒い場所でもC035	
14	35	丈夫に育つらしいのですGXその稲をこの村でも育てられれば、村人の生活C036	
14	36	も豊かになるでしょうGNこの戦乱の時に私が他の村を訪ねても、そんな貴C037	
14	37	重なものを分けてもらえるわけがありませんGNですから、大国主のあなたC038	
14	38	にこうしてお願いするのですGXどうでしょう、引き受けていただけますか？Y	
14	39	そうですか、引き受けていただけますか！GNそれではあなたを信じてお待C040	
14	40	ちしております	
14	41	稲のことは頼みましたぞU様！	
14	42	そうですか…　Wそれでは仕方がありませんなGNもし、お気持が変わりまC043	
14	43	したら、またここにお越しください	
14	44	おお！　WU様GN引き受けていただけますか？Y	
14	45	お待ちしておりましたぞU様！GNとうとう稲を手に入れられたのですなGXC046	
14	46	これでこの村の生活もよくなるはずですGN私も気持ちよくあなたに村を譲C047	
14	47	ることができますGNさあ、このシナノをお受け取りください	
14	48	SF005シナノの村を譲り受けた！！F007	
14	49	それでは準備がありますので、また後でお越しください	
14	50	この村のそばには大きな火山があるのです山の神がお怒りになって、噴C051	
14	51	火が起こったら…GN恐ろしい被害になるでしょうな…	
14	52	混乱した世界ゆえに、スサノオの力を借りようとする者が多いらしいGXC053	
14	53	力だけが先走っては、破滅が待っているというのに…	
15	0	ここはヤイヅの村だGN北に進むとサガムの村があるよ	
15	1	この村には竜宮の伝説があるんだよGNそれは海の中にあって、とっても美C002	
15	2	しい所なんだってGNぼくも行ってみたいなあ…	
15	3	お兄ちゃんは竜宮に行ったんだってねGNぼくも大きくなったら行けるかなあ？	
15	4	海の向こうには何があるのかなあ？GNいつかは行けるようになるよね！	
15	5	この村では漁労が盛んだよGNしかし、最近は鮫の被害が多くてね…N漁がC006	
15	6	思うようにできないんだよGXこのままじゃ、おれたちもこの干物みたいにC007	
15	7	なっちまうよ…	
15	8	U様が竜宮の王にお願いしてくれたおかげで、鮫がいなくなりましたGNC009	
15	9	これで漁も昔のようにできますよGXそう、それから海の神への感謝ももうC010	
15	10	二度と忘れませんよGNありがとうございました	
15	11	この間、鮫に襲われそうになったんだよWNあの鋭い牙でガブリといかれたC012	
15	12	ら…GNそれからは海が恐くてね…GXしかたがないから、漁には出ないで貝C013	
15	13	を拾って暮らしているんだよ	
15	14	鮫がいなくなったらしいので、漁に出ることにしましたよGN海に出るのはC015	
15	15	久しぶりなのでうきうきしますね！	
15	16	海での漁はつらいけど、食べるためには仕方がありませんな	
15	17	竜宮城にはきれいな女性が大勢いて、うまい酒がたんまりあるらしいよGXC018	
15	18	それに比べて、この現実の厳しいことよ…Wまったく、うちのかかあももC019	
15	19	っと優しくてきれいだったら少しはいいものを…	
15	20	なにやってんだ！　Wこのぼんくらおやじ！Gなまけてるんだったら手伝いな！	
15	21	ひいいーーーーーーーっ	
15	22	Uさんはいいなあ…　W竜宮城には行けるし、恐いかみさんはいないし…	
15	23	うちのかかあは人使いが荒くてね…GN毎日こき使われてまいっちゃうよ…	
15	24	竜宮の話だったら、いつも海を眺めてるじいさんが詳しいんじゃないのC025	
15	25	GX昔、竜宮に行こうとして、失敗したっていう話を聞いたことがあるよ	
15	26	Uさんは竜宮に行ったんだってねGN今度行くことがあったらあたしも天女C027	
15	27	に混ぜてくださいって、王様に頼んでくれないかね？GXあたしならもしかC028	
15	28	して王女になれるかもしれないねえGNうふふふふ…	
15	29	なんだねあんたは！　W人の家に勝手に入るんじゃないよ！	
15	30	わしはこうやって毎日海を眺めて、遥かかなたの竜宮に思いをはせているC031	
15	31	のじゃよGX一度でいいから行ってみたかったのう…	
15	32	なに？W  おまえさんも竜宮に行こうとしているのかい？WNううむ………C033	
15	33	GX大国主さんのような神に近い方なら行けるかも知れんのう…GNよし！　C034	
15	34	Wそれではオバリの村にいるじいさんを訪ねるがよいGNあのじいさんとはC035	
15	35	昔、いっしょに竜宮に行こうとした仲じゃGNきっと竜宮に行くためのC036	
15	36	竹かごを持っているはずじゃGXその竹かごしか、竜宮につながる潮路にC037	
15	37	乗れるものはないのじゃGNそのかごを手に入れたらまたわしの所においでC038	
15	38	GNそうすればわしが潮に乗せてやるからな	
15	39	早くかごを手に入れておいで	
15	40	おお！　Wこのかごじゃよ！GNでは、さっそく挑戦するとしようか	
15	41	これで後は神様に祈るだけじゃGN無事を祈っておるぞ！	
15	42	どうじゃった！　W竜宮には着けたのか？	
15	43	SUF005は竜宮の様子の話を老人にしてあげたF007	
15	44	そうかい…　Wやはり竜宮は海のどこかにあったのじゃな…GNこれでわしC045	
15	45	の夢もかなったよGNありがとうありがとう…GXできればオバリのじいさんC046	
15	46	にも竜宮の話をしてやってくれGNあのじいさんもずっと夢見ていたのじC047	
15	47	ゃからな…	
15	48	おお！　WUさんGN竜宮の話は一生忘れませんぞ	
15	49	あなたが大国主のU様ですかGX国譲りの話はこのヤイヅでも聞き及んでC050	
15	50	おりますGNしかし今、困った事が起きているのです…GXこの村では漁労がC051	
15	51	盛んなのですが、最近になって急に鮫の被害が増えて、思うように漁がでC052	
15	52	きないのですGN食料の多くを漁労に頼っているこの村では、これは死活問C053	
15	53	題なのです…GXそれでなんとかして鮫を退治しようとしたのですが、WいC054	
15	54	かんせん海の中の敵ではらちがあかなくて…GXそれで神に近いというあなC055	
15	55	たに願いがあるのですGNそれはこの村に伝わる、海を司るという竜宮の城C056	
15	56	でその王に我々の窮状を伝えてほしいのですGX我々は竜宮の王に尊敬と感C057	
15	57	謝の気持ちをずっと忘れずに暮らしてきましたGN昔に比べて、その気持ちC058	
15	58	を忘れている漁民も増えていることは確かですが…GNしかし、王は話をC059	
15	59	聞けば我々を助けてくれると思いますGXどうか竜宮で王に話をしてくだC060	
15	60	さいGN村人の生活が確保された後に村譲りのことは考えますので…GX引きC061	
15	61	受けていただけますか？Y	
15	62	そうですか！　Wやっていただけますか！	
15	63	竜宮のことに詳しい老人がこの村にいるらしいので、まずはその老人と話C064	
15	64	をしてみてくださいGNよろしく頼みますぞU様！	
15	65	おお！　WU様GN竜宮の王は我々を助けてくれるのですね？GXU様C066	
15	66	のおかげでこの村は救われましたGNこれで私も思い残すことはありませんC067	
15	67	GNどうぞこのヤイヅをお受け取りください	
15	68	SF005ヤイヅの村を譲り受けた！！F007	
15	69	それでは準備がありますので、外でお待ちくださいGN本当にありがとうごC070	
15	70	ざいました	
15	71	そうですか…　Wやはりそんな夢のような話を信じていただけるわけがC072	
15	72	ないですよね…GXそれでは自分達のことは自分でやることにしますGNどうC073	
15	73	ぞお引き取りくださいGNもし引き受けてくださるのなら、この家をまたC074	
15	74	訪ねてみてください	
15	75	おお！　U様N引き受けてくださるのですか？Y	
16	0	この村はニイバリGN忘れ去られたような小さな村だよGXこの村の先にはヌC001	
16	1	マカワの村があるよ	
16	2	この村は小さく、そして寒さも厳しいGN今まで細々とみなで協力して生活C003	
16	3	してきたのじゃよGXこんな小さな村でも、争いばかりしているよりは幸せC004	
16	4	に暮らせるのでな、いい村だとわしは思うよ	
16	5	時々、食料や道具に囲まれた、豊かな生活をしたいと思うこともありますC006	
16	6	GNでも、小さな村は大きな家族のようで、安心できるし、楽しいですよ	
16	7	先日、隣の家で子供が生まれたんですGN仲のよい家だから自分の事のようC008	
16	8	にうれしくって…GN元気に育つように協力していきたいですね！	
16	9	この村は昔から何も変わっちゃいないよGN文化も遅れているけど、人と人C010	
16	10	のつながりはどこの村よりも深いと思うよ	
16	11	隣のヌマカワの村では、ヤマタノオロチという怪物に困っているらしいねC012	
16	12	GNなんでも若い女性が生け贄にされているとか…GN恐ろしいことだ	
16	13	世界中の人々が仲よくできるようになるといいですな	
16	14	ヤマタノオロチを退治されたそうですなGNなんと勇気のあるお方なのだろう	
16	15	ぼくに弟が出来たんだGN赤ちゃんは小さくてかわいいよね！	
16	16	大国主のお兄ちゃんは世界を良くしてくれるんでしょうGNみんな仲よくでC017	
16	17	きるよね！	
16	18	あなたが大国主様ですかGN遠い所をようこそいらっしゃいましたなGXこのC019	
16	19	ニイバリは小さく貧しい村ですGN私が大国主のあなたにこの村を譲らないC020	
16	20	理由は何もありませんGXしかし、このことだけは忘れないでくださいGNこC021	
16	21	の村は小さくても村人達と力を合わせて苦しいながらもやってきましたC022	
16	22	GX他の村の長達は村の発展を考えるあまり、村人達の絆をないがしろにC023	
16	23	していますGN思えばこれが今の混乱の元ではないでしょうか？GX自分本意C024	
16	24	に富を求め、発展のために自然を犯すGNこれこそがスサノオの求める力C025	
16	25	なのだと思いますGX私はあなたの力と正しい心を信じますC026	
16	26	GNさあ、こんな小さな村ですが、お受け取りくださいGNそして、素晴らC027	
16	27	い世界になるようにこれからも共にがんばりましょう	
16	28	SF005ニイバリの村を譲り受けた！！F007	
16	29	それでは、少し外でお待ちくださいGNすぐに命令の準備をしますので	
17	0	ここはサガムの村だGNこの村の先にはスサやニイバリの村があるよ	
17	1	このサガムの長は戦乱の世になってからというもの、人が変わってしまいC002	
17	2	ましたGNスサノオの力を求めるようになったのも、村との争いに勝ちたいC003	
17	3	という思いなのからなのですGNそして最近では何かに取り憑かれたようにC004	
17	4	なってしまって…GXU様、Wどうぞこの村を攻めてくださいGN争いは破壊とC005	
17	5	憎しみを生みますが、そこからよい方向へと向うための力も生まれるのでC006	
17	6	すGXこの村の長のような人間が多い今、本当に世界は滅びてしまうかも知C007	
17	7	れませんGNわれわれの犠牲など気にせず、世界のために村をまとめてくだC008	
17	8	され！	
17	9	これからU様の指導で、この村も昔のように平和な村になるじゃろうて…	
17	10	あなたがU様ですね？GNやっとお会いすることができましたGX実はあなたC011	
17	11	にこの櫛をお渡ししようとしてお待ちしていたのですGXこの橘C012	
17	12	の櫛は私の家の守り神として、代々受け継がれてきたものですGNしかしC013	
17	13	、あなたのお噂を聞き、これはあなたのような方に使っていただく方がC014	
17	14	世の中のためだと思ったのですGXよろしければ、これをお使いください	
17	15	この櫛は身に付けていると、不思議な力で持主を守ると言われていますGNC016	
17	16	きっとお役に立つこともあると思いますよ	
17	17	U様が御無事にすごせるよう、お祈りしております	
17	18	この村の先にあるニイバリの村は小さいけれど、よい人達が住んでいる村C019	
17	19	ですよGNあんな村を戦乱に巻き込みたくないですね	
17	20	こう争いばかり続いていては、この村はもうだめだな…GNいったい長は何C021	
17	21	を考えているのだろうか…	
17	22	私もいつ戦場で死んでしまうかわかりません…GNですから家族と毎日をC023	
17	23	大事に暮らしていますGN死んでしまったら、もう二度と会えないのですからね	
17	24	このサガムのあたりの海は荒れることで有名ですGN船を利用する人達は海C025	
17	25	の神を鎮めるために、様々な供え物などをしてきましたGX中にはそのためC026	
17	26	に犠牲になった人もいるようです	
17	27	橘の櫛を手に入れたのですなGNその櫛は昔、海を鎮めるために人柱となっC028	
17	28	た女性の持物だと言われていますGX持主の優しい心が乗り移った、素晴らC029	
17	29	しいものなのでしょうGNどうか大事になさってください	
17	30	……………………	
17	31	SF005この男は何か異様な雰囲気がしているNまるで何かに取り憑かれていC032	
17	32	るようだF007	
17	33	おまえが…　WUか…GN世界をまとめるなどと調子のいいことを言っているC034	
17	34	そうだが、おまえは実はただの侵略者ではないのか？GX戦争により、罪のC035	
17	35	ない人を殺し、憎しみの種をばらまいているのではないのか？GXおまえのC036	
17	36	世界を救おうという行動は憎しみを生み、逆にスサノオ様の復活の力となC037	
17	37	っているのだGXそろそろ、あがくのはよさんかUよGNスサノオ様の復活はC038	
17	38	もうそこまで来ているのだぞ…GXこの村を攻めるなら、攻めるがよいGNC039	
17	39	憎しみが世界に溢れるのは大歓迎だGNさあ、帰ってよく考えるんだな！	
17	40	まだ、頼みにくるというのか？GNとっとと帰るんだな！	
17	41	この葦原中国は本州と西州の二つの大陸に分れているGXしかし、この大陸C042	
17	42	のほかにも暗黒の大陸と呼ばれる場所がどこかにあるそうなのだGNその大C043	
17	43	陸は、この世界の終りが近付くときに、どこからか姿を現すそうだ	
18	0	ここはワナミの村ですGNこの村の西にはコシの村があります	
18	1	最近この村に海賊達がやって来るのですGN漁師の人達はいやがらせをされC002	
18	2	て困っているようだけど…GN何かこの村に恨みでもあるのかしら…	
18	3	海賊は前の長の息子さんだったなんて…GNそれで、この村の長に恨みを持C004	
18	4	っていたのですねGX確かにあの長ならどんなひどいこともしたでしょうね…	
18	5	この村の隣のコシの村はとても大きな村ですわ	
18	6	海賊のことは聞かんでくれよ…GN他の村の者に話すことじゃないよ…	
18	7	これでやっと、我々も救われましたGNあんなひどい長を追い出してくれてC008	
18	8	感謝していますよ	
18	9	これからはよい村になるように指導をお願いしますよ  U様！	
18	10	ここだけの話だが、この村に来る海賊の首領は、この村の長に恨みを持C011	
18	11	っているんだよGXそれは前の長の…　Wいや、Wもう話はよそう誰がC012	
18	12	聞いているかわからんからな…	
18	13	U様が倒した長はサザナギの父をだまして殺したことを隠して、この村のC014	
18	14	長になったのですよGXそのことを口外しようとする者を脅して…GNしかC015	
18	15	し、これからはこの村もU様のお力で良くなりますよねGNいや、そうなりC016	
18	16	ますとも！	
18	17	この村の先にはコシやスサといった村がありますよGNそしてその先にはC018	
18	18	海を隔てて、多くの村があるらしいですな	
18	19	村の者達が口にしていることは気にしないでくれGN海賊は本当に悪い奴らC020	
18	20	なのだから…	
18	21	長がいなくなったおかげで、みな言いたいことを言えるようになりましたC022	
18	22	よGNありがとうございました	
18	23	戦いが続くと、気持ちが暗くなりますなGN早く平和になって欲しいと思いC024	
18	24	ますよ…	
18	25	この村の長ならこの家の中におられる	
18	26	何をかぎまわっているのだ？GN大国主なら、早く海賊を倒してくれ	
18	27	海には海賊が出て危険ですので、近寄らないでください	
18	28	海賊のねぐらの島に行かれるのですね？Y	
18	29	では、こちらです	
18	30	そうですか、島に向われるのなら私に声をかけてくださいGN船を用意しまC031	
18	31	すので…	
18	32	U様！NW…W…W…実は…　Wいや…GNできれば海賊を殺さないで欲しいとC033	
18	33	思いまして…GXいや、WわざわざU様がお手を汚されることもないかとC034	
18	34	思いまして…GNそれでは気を付けて向ってください…	
18	35	おや…W  あなたが噂の大国主様ですな？GNこれはこれは遠い所までC036	
18	36	ようこそおいでくださいましたなGXなんでもあなた様は世界を救うためにC037	
18	37	村々をおまとめになっているとか…GNそれはそれは大変なことでしょうなC038	
18	38	GXそれでですな、私もこの村をあなたにお譲りしようとお待ちしていたのC039	
18	39	ですよGNただひとつ困ったことがありましてな…GX実は今、村は忌々しいC040	
18	40	海賊達に襲われて困っているのですよ…GXあいつらはどこからともなく、C041	
18	41	この村の沖にある島に住み着いてしまったのですGNそして我々の村や船をC042	
18	42	手当たり次第に襲う本当にひどい奴らなんですよ…GXあなたに村をC043	
18	43	お譲りしたくても、このままでは悔しくて…GXそれで大国主のU様にお願C044	
18	44	いがあるのですGNあの海賊達をあなた様のお力で倒していただければ、私C045	
18	45	も晴れて村をお譲りできるというものですGXどうでしょう、海賊退治を引C046	
18	46	き受けていただけますか？Y	
18	47	そうですか！　W奴らのねぐらはこの村の沖の小島ですGN島へはこの村のC048	
18	48	者に送らせますので、海岸の入り口にいる男に声をかけてくださいGXそれC049	
18	49	ではよろしく頼みますぞU様GNくっくっ…　Wいや何でもないですGN思い出C050	
18	50	し笑いですよ	
18	51	え？　W何ですか？GN引き受けていただけるのですね？	
18	52	おお、U様GN早く海賊を退治してくださいよGXまあ、U様のお力なら奴らなC053	
18	53	ど虫けら同然でしょうなGNはっはっはっ！	
18	54	やあ、よくやってくださいましたなU様GN村人を代表して礼を言いますぞC055	
18	55	GXは？　W村譲り？WNそんなことを約束しましたか？GN覚えがございませC056	
18	56	んな…GN何か勘違いをなされているのではないですか？GXとにかくお引きC057	
18	57	取りくださいGN私も忙しい身ですからな…	
18	58	しつこい方ですなGNとっとと帰ってくだされ！	
18	59	もうこの村に用はないはずGN早く立ち去ってくれ	
18	60	海賊達はいなくなったようですねGNこれで平和になるのかしら…	
18	61	あの長にだまされて海賊を倒したのですな…GN本当の悪は長の方なのに…	
18	62	イ	
18	63	それじゃあ、一気に長の所へまっしぐらだ！GNいくぜ、Uさん！	
18	64	邪魔だっ！　どけっ！	
18	65	ひいいいっーー！	
18	66	うりゃああっ！！	
18	67	おお！　W親方！N遅かったじゃねえか！	
18	68	おお！　親方が来たぞ！	
18	69	とうとうやって来たか…　Wこの虫けらどもめ！GNUよ、おまえもこんな奴C070	
18	70	らに力を貸すなど、ほとほと甘い男よのう…GNなぜ自分の欲望のままに生C071	
18	71	きんのだ？GNわしにはおまえの気持ちがわからんよ…GXまあいい、まとめC072	
18	72	て片付けてやるわWN今だ！！	
18	73	ううっ！　Wくそっ…　W毒矢とは…Nどこまでも汚い野郎だ…	
18	74	わっはっは！　Wさあ、すぐにとどめをさしてやるぞGNかかれ！	
18	75	Uさん！　頼んだぞ…	
18	76	ううっ…　Wまだ死にたくない…WN死に…Wた…W…W…  Wうぐっ…	
18	77	やったー！　W長を倒したぞ！	
18	78	うわっ！　W長がやられたーーー！	
18	79	いてて…　WありがとうUさん…GNおれのけがはたいしたことはないよGXこC080	
18	80	れでこのワナミも昔のようなよい村になるはずだGNおれもUさんの手伝いC081	
18	81	をさせてもらうよ	
18	82	みんな！　Wもう海賊ごっこは終りだGNこれからはこのU様と、世界をよくC083	
18	83	するために働くんだ！	
18	84	おーーっ！	
18	85	それじゃ、ちょっとけがの手当てをしますんで、失礼しますGNこれからはC086	
18	86	U様のために働きますよ！GXそれではまた後で！	
18	87	早く平和な世の中になって欲しいですな…	
19	0	ここはコシの村だGNこの村のまわりにはワナミ、シナノ、ヌマカワといっC001	
19	1	た村があるよ	
19	2	この村の鍛冶屋にはオロチ退治の剣を作る秘伝が伝えられているそうだよC003	
19	3	GXヌマカワに現れたという怪物と戦うんだったら、作ってもらってみたらC004	
19	4	どうだい？GX鉄鉱を持っていけば作ってもらえるはずだよ	
19	5	本当に伝説のヤマタノオロチと戦ったのかい？GNおっそろしい人だねえ	
19	6	このコシの村はここいらでは一番大きな村だよGNでも、あまりいいことはC007	
19	7	ないねN平和に暮らせるのが一番だよ	
19	8	この村の長はあなたの勢力を警戒しているのですGN世界を自分のものにすC009	
19	9	るという野望を邪魔されないためにねGX大国主様は世界の平和のために活C010	
19	10	動されているというのに…GNまったく、このコシが強い村になってからC011	
19	11	長は人が変わってしまいましたよ…GN人間の欲望とは恐ろしいものですな	
19	12	この村はこれから変わって行くでしょうGNもちろん世界をよくするためにね	
19	13	ここから西に行ったところにスサという村があるんだGNなんでもその村のC014	
19	14	そばにある沼には昔から怪物が棲んでいるらしいよGXその怪物のおかげでC015	
19	15	スサの村は発展できないんだと言われているからね	
19	16	スサの村の怪物を倒したんですってねGNまったく、U様は大活躍ですな！	
19	17	玉飾りなどを身に付けた女性は魅力的だよねGNキラキラしてて、つい引きC018	
19	18	付けられちゃうよね！	
19	19	この葦原中国は二つの大陸に分れているGNこのコシの村などがある方がC020	
19	20	本州GNそしてアナトの村から海を渡った先が西州だGX西州には強い力を持C021	
19	21	った村がひしめいているらしいぞGNがんばりなされやU様！	
19	22	この村には鍛冶屋などのいろいろな家があるよGNここらで装備を整えたらC023	
19	23	どうかな？	
19	24	おまえが大国主のUだな！WNこの村が欲しければ攻めてくるがよいGNひC025	
19	25	ねりつぶしてやるからな！	
19	26	こうしてみると、戦いに明け暮れていた自分が恥ずかしいですよGX戦いでC027	
19	27	手柄を立てて、富を得ようなんて…W本当に恥ずかしい限りですよ	
19	28	ほう、ようやくここまでやってきたか大国主！GN仲間だけで乗り込んでくC029	
19	29	るとは、度胸だけはあるようだなGNもっとも人を疑うことを知らない、まC030	
19	30	ぬけなのかも知れないがなGXこのコシを話し合いで自分のものにしようとC031	
19	31	思っても、そうはいかんぞ！GNほかの弱小の村ならいざしらず、この村はC032	
19	32	今に、この世界の中心となるのだからなGX攻め取るというなら来るがよいC033	
19	33	！GN泣きを見るのはどっちなのかはっきりさせてやるGNさあ！　帰るんC034	
19	34	だな！	
19	35	しつこい奴だな！GNとっとと帰れ！	
19	36	いらない武器や防具は商人のところで天つ実や山ぶどうに変えるといいでC037	
19	37	すよGN薬はたくさん所持できるし、戦闘でいざというときに役に立ちますよ！	
20	0	この村はヌマカワN玉造の盛んな村ですよ	
20	1	しかし…  W今は石を拾いに行くこともできないのです	
20	2	この村のまわりにはコシやスサといった村がありますよ	
20	3	最近ヤマタノオロチという怪物が、この村を荒らしに来るのですGNC004	
20	4	オロチが現れるようになったのは、村々の争いが激しくなってからなのでC005	
20	5	すGXそれまでは伝説のものだと思っていたのに…	
20	6	噂ではオロチの復活には、スサノオの力が関係しているのではないかと言C007	
20	7	われていますGNスサノオがオロチを操っているとでも言うのでしょうか…	
20	8	ヤマタノオロチには首が八つもあるそうだW奴を倒すにはその首をすべてC009	
20	9	切り落とさねばならないとも言われているGNなんとも恐ろしい怪物だ…	
20	10	オロチを倒したのですねGNU様は噂に違わぬ勇気の持主ですな！	
20	11	オロチの陰にはやはりスサノオが潜んでいたのですねGN本当にスサノオがC012	
20	12	復活するのが近いのでしょうか…	
20	13	古い書物ではオロチは年に一度、生け贄と供え物を求めて山から降りてくC014	
20	14	ると書かれているGXこう毎週のように生け贄を求めるというのは、おかしC015	
20	15	い気がするのう…GN何か別の力が働いているのであろうか…GXもしや、スC016	
20	16	サノオの…GNいや、これは考えすぎじゃな、気にせんでくれGXあっと！　C017	
20	17	Wそれからもし、おまえさんがオロチを倒しに行くというのなら、長の話C018	
20	18	を聞いてから、ここに来てくれんかGNオロチを倒すための、ちょっとしたC019	
20	19	考えがあるのでな	
20	20	オロチを倒しに行くのですなGNそれではこの酒を持って行ってくだされ	
20	21	この酒は普通のものを非常に強くした酒なのじゃGNこの通り…　Wうっ！C022	
20	22	GNふう…　Wにおいだけで酔ってしまいそうじゃわいGXこれを酒好きなオC023	
20	23	ロチに飲ませることが出来れば、戦いも楽になるじゃろうて	
20	24	頼みましたぞU様！	
20	25	オロチを倒してくれたのですな！GNしかし、やはりスサノオの力がオロチC026	
20	26	を操っていたとは…GXこのままでは力を取り戻したスサノオは本当に復活C027	
20	27	を果たすかも知れませんな…GN恐ろしいことじゃのう…	
20	28	ああ…　Wサヨリヒメは行ってしまったのですね…GN素直ないい娘だったC029	
20	29	のに…GX長もさぞ悲しんでおられることだろうな…しかし、オロチをC030	
20	30	静め、村を救うためにはほかに方法が…GXU様！　Wあなたのお力でなんとC031	
20	31	かしてくれませぬか？GNこのままではこの村はもう…	
20	32	オロチのために若い娘が生け贄にされているのですGN次は長の娘のサヨリC033	
20	33	ヒメが生け贄に…GX私はもうそれほど若くないから、生け贄には選ばれなC034	
20	34	いけど…GXちょっと！　W何うなずいてんのよ！WN失礼しちゃうわ！	
20	35	オロチを退治してくれたのですね！GNこれでみな悲しい思いをしなくてよC036	
20	36	いのですねGX私を生け贄にしようと、誰も言わなかったのには失望したけC037	
20	37	ど…GXひどいわよ…　Wちょっと歳を取っているからって…GN若けれC038	
20	38	ばいいってもんじゃないわよねえ？	
20	39	この村の玉造の技術はとても高いのですGN近くに材料になるきれいな石がC040	
20	40	取れる場所があるので、発達したのですよ	
20	41	ぼくのおねえちゃんはもうすぐ連れて行かれちゃうんだ…GNオロチに食べC042	
20	42	られちゃうなんてひどいや…	
20	43	おねえちゃんが…　Wかわいそうだよう…WNやめてよーーー！	
20	44	Uさん！　Wお願いだよGNオロチを倒しておねえちゃんを助けてよ！C045	
20	45	GNあんな怪物ぐらい倒せるんでしょ？	
20	46	さあ、参りましょうサヨリヒメ様…	
20	47	はい…　Wこれも村のためですN恐くなどありません	
20	48	元気でね…　Wお父さんやお母さんの言うことをよく聞くのよGNおねえちC049	
20	49	ゃんは村の平和のために行くのですからねGN元気で暮らすのよ…	
20	50	あなたが大国主様ですか…GN実は最近、このヌマカワのそばにある洞窟にC051	
20	51	伝説のヤマタノオロチが現れるのですGXオロチは山を荒らし、近寄る人々C052	
20	52	を襲うのですGXそれで言い伝えに従い、生け贄の女性をオロチに供えるこC053	
20	53	とになったのですが、効果がないようなのですGNもう何人もの若い女性がC054	
20	54	オロチの餌食に…GXそして、次の生け贄に私の娘がなることになってしまC055	
20	55	ったのですGXU様！　Wお願いです！N私の娘を助けてください！GNオロチC056	
20	56	を倒して、娘を助けていただければ私はすぐにこの村をお譲りしますのC057	
20	57	で…GN娘は私の生きがいなのです…　Wあの子がいなくなったら…　W私はC058	
20	58	もう………GXお願いします…　Wお願い…NWうっ…W  うううう………	
20	59	娘はこの村のそばの洞窟にいますGN早く助けてやってください！Nうっ…WC060	
20	60	　うううう………	
20	61	この村の近くの川岸で遊んでると、時々きれいな石が拾えることがあるんC062	
20	62	だよGN大人の人は首飾りの材料なんかにしているみたいだね！	
20	63	この村の鍛冶屋では玉飾りをあしらった鎧を作ってくれるんだGNなんでC064	
20	64	もヒスイなどの石の持つ力が、防御する力を高めるんだそうだよ	
20	65	この村は山に囲まれているので、おれ達猟師ががんばらないといけないんC066	
20	66	だよGN大変だけど、やりがいがある仕事だね	
20	67	わしにはスサノオの力が強まっているのが感じられますじゃGN急がねばなC068	
20	68	りませんぞU様！	
20	69	う…Wうえーーん！	
20	70	あっ！　WUさん！GNおねえちゃんを助けてくれたんだね！GNほんとにありC071	
20	71	がとう！	
20	72	この度は命を助けていただきありがとうございましたGNこれからは私もUC073	
20	73	様と働かせていただきますので	
20	74	おねえちゃーん！　川に遊びに行こうよー	
20	75	甘えちゃって仕方がないわね…GNいいわよ！　行きましょう	
20	76	やったー！！	
20	77	それではちょっと失礼しますGNありがとうございました	
20	78	おお！　WU様！GNオロチを倒してくれたのですな！GX娘も帰ってきて…NC079	
20	79	なんとお礼を言っていいことやら…GNありがとうございましたGX娘一人のC080	
20	80	ために取り乱してしまうような男に、もう長などを名乗る資格はありませC081	
20	81	んGXどうぞこのヌマカワをお受け取りください	
20	82	SF005ヌマカワの村を譲り受けた！！F007	
20	83	それでは、準備がありますので外でお待ちくださいGNそれから、娘があなC084	
20	84	たを捜していたのですが…GN会ったら声をかけてやってください	
21	0	ここはスサの村ですGNこの村の先には、本州と西州との間を結ぶアナトのC001	
21	1	村があります	
21	2	この村のそばにある沼には、昔から怪物が棲むと言われておってな、このC003	
21	3	村の者は誰も近付かんよGXおまえさんも命が惜しかったら、関C004	
21	4	わらないことじゃ	
21	5	沼の怪物を倒してしまったというのか！GNううむ…　Wおまえさんの力はC006	
21	6	すごいものがあるようだが、その力を悪い方向に向けないように注意なさC007	
21	7	れよ	
21	8	沼の怪物と戦った者の話では、その怪物はヌメヌメとした皮膚によってC009	
21	9	守られており、多少の攻撃は受け付けないそうだGXしかも、C010	
21	10	その生命力は恐ろしく高く、身体をばらばらに切り刻みでもしなければ、C011	
21	11	倒すことはできないそうだGNそんな怪物を倒すのは至難の技ですな	
21	12	怪物は大きなサンショウウオだったんですか…GNしかし、よく倒しましたC013	
21	13	なU様	
21	14	怪物は森の奥深くの沼に潜んでおるGN森にむやみに立ち入る者は、C015	
21	15	あの怪物の餌食となるであろう	
21	16	怪物は確かにこれまで、この村の発展を妨げてきたGNしかし、これで沼はC017	
21	17	我々人間の手で拓かれ、そこに住む動物達は沼を追われるだろうGXあの怪C018	
21	18	物はこれまで沼を守るために、人間達と戦ってきたのかも知れんな…	
21	19	この村の隣のアナトから西州へは、昔は自由に行き来ができたんだGNしかC020	
21	20	し、村々の争いが激しくなって以来、西州には行けなくなってしまったよC021	
21	21	うだね	
21	22	この世界が滅んでしまったらどうなってしまうんだろう…GNそれを考えるC023	
21	23	と夜も眠れないよ	
21	24	スサノオの力はすべての村の生活が安定し平和になった時に弱まるといC025	
21	25	うGN村を譲ってもらうだけでなく、経営によって、村を豊かにしていますC026	
21	26	かなU様？	
21	27	西の方から伝えられた土器は薄くて、しかも丈夫なのですGN文化が進んでC028	
21	28	いるのですね	
21	29	森は神様がいるから近付いちゃだめだってじいちゃんによく言われたのよC030	
21	30	GNそんなに神様っておっかないのかなあ？	
21	31	森の神様をやっつけちゃったの？GNおにいちゃんは強いんだね！	
21	32	森にはかわいい動物がいっぱいいるのGNウサギとかリスとかとってもかわC033	
21	33	いいんだよ！	
21	34	あなたが大国主様ですかGNこのスサの村にようこそいらっしゃいましたGXC035	
21	35	この村のそばに沼があるのに気が付かれたと思いますが、実はあの沼にはC036	
21	36	昔から怪物が棲んでいるのですGXあのあたりはとても肥沃な土地でC037	
21	37	、そこを利用すれば、この村の稲作も発展するでしょうGNそしてこの村もC038	
21	38	大きくすることができるのですが…GXこの村を発展させるC039	
21	39	のが私の夢でしたGNU様の噂を聞き、この村も譲ろうと思っていましたがC040	
21	40	、この村の発展を妨げてきたあの怪物…GNあの沼の怪物を倒していただきC041	
21	41	たいのですGXいままで私の努力を邪魔してきた、あいつがいなくなれば私C042	
21	42	も思い残すことなく、この村をお譲りできますGN村人達もそう望んでいるC045	
21	43	怪物は森のどこかの沼の中に潜んでいるはずですGN無理な話だとは思C044	
21	44	いますが、どうかよろしくお願いします	
21	45	と思います	
21	46	おお、U様！WN怪物を倒したのですなGNこれでこのスサも大きく豊かな村C047	
21	47	になっていくでしょうGXさあ、これからはこのスサをU様のお力で育ててC048	
21	48	いってください	
21	49	SF005スサの村を譲り受けた！！F007	
21	50	それでは準備がありますので、また後ほどおいでください	
21	51	あなたが大国主のU様かね？思っていたより若く立派な方じゃのうGN早くC052	
21	52	よい世界にしてくださいよ	
21	53	西州には強い村が多いらしいねGN特にハヤトとクマソという村は大きく強C054	
21	54	い村らしいよ	
22	0	この村はアナトの村GNここから海を渡るとツクシの村だGXそして、そこはC001	
22	1	西州の地だ…	
22	2	西州の村々ではスサノオが、本州とも西州とも違う、どこかの大陸で復活C003	
22	3	するという噂が広まっているそうですGNその大陸がどこにあるかなどは、C004	
22	4	誰も知らないそうですけどね	
22	5	U様はここまでの行動で、村の経営をおろそかにしてはいませんかな？GXC006	
22	6	すべての村で食料生産が安定し、人口が増え、生活が安定しなければならC007	
22	7	ないのですぞ	
22	8	この本州の果てのアナトの地まで、よくいらっしゃいましたなGXしかし、C009	
22	9	気を抜くのはまだ早いですぞ！GNすべての村をまとめ、スサノオを倒すまC010	
22	10	ではあなたの使命は終らないのですからな	
22	11	言い伝えではスサノオは新たな身体を得てどこかで復活するというGXそC012	
22	12	の復活の地は西州のどこかの村の近くに現れるというぞ	
22	13	U様ですな！Nよくぞここまで無事に参られましたな！GNずっとお待ちしてC014	
22	14	おりましたぞ！GXこのアナトの村は本州と西州を結ぶ重要な村ですGN世界C015	
22	15	の混乱をこれ以上広げないために、私達はあなたがおいでになるまで、こC016	
22	16	の村を死守してきたのですGXあなたが無事に参られたので私の役目は一応C017	
22	17	終りましたGNさあ、このアナトの村をお受け取りください	
22	18	SF005アナトの村を譲り受けた！！F007	
22	19	しかし、あなたが西州に渡るためには、ひとつ条件を付けさせてくださいC020	
22	20	GNそれは本州のすべての村をひとつにまとめることですGXまだ、U様は本C021	
22	21	州で譲り受けていない村がありますGNまず本州をひとつにまとめ、足元をC022	
22	22	固めてから、西州にお渡りくださいGX本州をまとめてから、海の入り口にC023	
22	23	いる兵士に声をかければ、西州まで送らせるように伝えておきますのでGXC024	
22	24	それでは、早く残った村を譲り受け、西州に渡ってください	
22	25	さあ、西州に渡ってくださいGN海の入り口にいる兵士にツクシの村まで送C026	
22	26	らせるように話をしてありますのでGXただ、本州の村でまだ食料生産がC027	
22	27	安定しておらず、人口の少ない村があるのでしたらGその村の状態をC028	
22	28	よくしてから西州に渡ったほうがいいと思いますGXすべての村が安定し、C029	
22	29	人口が増えなければスサノオの力は弱まらないのですぞ！GXちなみにこのC030	
22	30	アナトの村も争いにより、安定しているとは言えませんGNC031	
22	31	この村にもU様の御指示をお願いしますGNそれではまた後ほど！	
22	32	海には人を通すなと、長にきつく言われておりますので、お通しするわけC033	
22	33	にはいきません	
22	34	U様ですねGN本州に譲り受けていない村がなくなるまでは、あなたをC035	
22	35	通さないようにと、前の長に言われておりますので…GN申し訳ないのですC036	
22	36	が、ツクシにお渡しすることはできません	
22	37	U様、お待ちしておりましたWさあ、参りましょう！	
22	38	それではお気をつけて、向ってください	
22	39	人口がなかなか増えない村は食料供給の状態をよく調べてくださいGNそしC040	
22	40	て技術力や文化が低くないかなどの問題点を解決していってくださいGXC041	
22	41	すべての村が豊かにならなければ、スサノオは倒せないそうですから村のC042	
22	42	経営も怠ってはいけませんぞ！	
23	0	ここはツクシの村N本州と西州を結ぶ、重要な村ですわGNこの村の先にはC001	
23	1	アタの村がありますよ	
23	2	この西州には、このツクシを含めて、七つの村がありますGNまた西州にC003	
23	3	は中央に高い山脈があるために、海沿いにしか、村を移動できないんですよ	
23	4	この村に本州の人が来るのは、久しぶりじゃのうGN向こうの様子はちっとC005	
23	5	もわからんので、心配じゃったよ	
23	6	これからはこの西州もU様のお力でよくなることでしょうな	
23	7	ハヤトとクマソの村はこの西州の中でも強い力を持っているGNあの村のC008	
23	8	男達は気が荒く、戦いに長けているから、手が付けられないんだよ	
23	9	ハヤトやクマソと戦う必要があるならば、この私も西州の男の意地を見せC010	
23	10	ましょうぞGハヤトやクマソの男には負けられませんからな！	
23	11	ヤマという村の話は御存知かな？Y	
23	12	ヤマの村はスサノオ復活の鍵を握る村と噂されておるGN注意なされよ	
23	13	ヤマという村は実際にあるかはわからないのだが、伝説ではどこかの大陸C014	
23	14	の上にあるそうじゃGXその村ではスサノオを最高神と崇め、日夜スサノオC015	
23	15	復活のための祈りを捧げているそうじゃGNそのヤマの村が、この葦原中国C016	
23	16	の乱れと呼応して、スサノオの力を強めているのではないじゃろうか…	
23	17	SF005家の中では巫女らしき女性がこちらをぼんやりと見ていたGNどうやC018	
23	18	ら、神懸りしているらしい…F007	
23	19	スサノオは…　W今…　W焦りを感じていますW世界に自分の力となる、W混C020	
23	20	乱や憎しみの力が弱まりつつあるからです…GXそして…　WスサノオはヤC021	
23	21	マの村の民の信仰心を、より強く求めているようです…GN今、WヤマではC022	
23	22	…　W邪悪な魂が…　W儀式のために…GXUよ…　W早く…W…W…WNううっ…C023	
23	23	　Wこ、Wこれ以上は…	
23	24	SF005巫女は正気に戻った…F007	
23	25	………W何者かが、私の力を邪魔していますGしかし、アマテラス様C026	
23	26	のお言葉では、どこかで何か恐ろしい事が行なわれているようですGXスサC027	
23	27	ノオの復活に関係しているのでしょうか…	
23	28	スサノオの発する気は、一時より弱まっているようですが、まだ油断はでC029	
23	29	きませんGN早く、アマテラス様の言うヤマの村を捜してくださいGNそこにC030	
23	30	スサノオ復活の鍵が隠されているはずですから…	
23	31	とうとう、西州に参られたのですな！NU様！WN今まで、ずいぶんお待ちしC032	
23	32	たのですぞ！GXさて、このツクシは御存知の通り、西州と本州を結ぶ重要C033	
23	33	な位置にある村ですGNですから、戦乱が広がらないように本州側のアナトC034	
23	34	の村の長と協力して、今までがんばってきましたGX今、この西州ではクマC035	
23	35	ソとハヤトの二つの村の勢力が強まっていますGXこの二つの村は昔から、C036	
23	36	戦いが得意でしたGNそして、戦乱の時代を迎え、その力を発揮して、C037	
23	37	暴れているのですGNそのために、この西州は本州にも増して、混乱してしC038	
23	38	まっていますGXこれからこの西州をまとめるために、彼らを抑えるのは簡C039	
23	39	単にはいかないと思いますが、私はあなたの力を信C040	
23	40	じていますGXさあ、この小さなツクシの村ですが、この西州での足掛りとC041	
23	41	してください	
23	42	SF005ツクシの村を譲り受けた！！F007	
23	43	それでは準備がありますので、また後でおいでください	
23	44	巫女のお告げでは、スサノオは一時のような勢いを失ったそうだGNその理C045	
23	45	由は葦原の本州の混乱が治まったかららしいGXこれで希望が見えてきましC046	
23	46	たな　U様！	
24	0	あっ！　勝手に人の家に入らないで…WN………？GNおや、よく見れば見なC001	
24	1	れない方ですなGX実は今、この村では恐ろしい病気が流行っていて、C002	
24	2	もう何人もその病気で倒れてしまってな…GNいつ病気をもらうかわからなC003	
24	3	いので、人とは会わないようにしているのじゃよGN村に人がいないのもそC004	
24	4	のためなのじゃよGXスサノオの復活という噂もあるし、もうこの世も終りC005	
24	5	かのう…	
24	6	あなたが本州を混乱から救ったという大国主のU様ですかGXアタの村C007	
24	7	は西州の中でも小さく静かな村ですGXしかし、西州の混乱に巻き込まれC008	
24	8	、村は厳しい状況におかれていますGXですが、それ以上に困っていることC009	
24	9	があるのですGX村人が病気の流行ですべてのことに投げやりになっていC010	
24	10	るのですGNスサノオの復活で世界が終るという噂も村人の不安をかきたてC011	
24	11	ていますGX病気にかかれば死ぬと思いこみ、私の話に耳を貸してくれませC012	
24	12	んGXあげくに、私まで病気にかかっているという噂が流れる始末で…GXC013	
24	13	病気は治るのです！　W確かに死者も出ましたが、薬草を調合して安静にC014	
24	14	していればよくなるんです！GXU様、あなたが世界を救うという話はこのC015	
24	15	村まで届いておりますGXどうか村人を説得していただけないでしょうか？	
24	16	あ	
24	17	あ	
24	18	あ	
24	19	村人達に真実を伝えてやってくださいGNお願いしますU様…	
24	20	おや？　W何の御用ですかな？	
24	21	SUF005は病気の治し方や世界の危機は救えることを熱心に説明した…F007	
24	22	そうですか、よくわかりましたN大国主のU様の言うことなら間違いはないC023	
24	23	ですものな！GNこのことを私も皆に伝えますぞ！	
24	24	この村の長は本当に病気じゃないんですか？	
24	25	SUF005は噂による誤解を解くために話をしたF007	
24	26	そうなんですか！　W病気は薬を飲めばなおるものなのですねGNこれでやC027	
24	27	っと人と自由につき合うことができますわGN私もこのことをみんなに伝えC028	
24	28	ますわ！	
24	29	噂というものは人の間を伝わる間に大きくなるものなのですね…GNおしゃC030	
24	30	べりも気を付けないといけませんね	
24	31	本当におまえは病気じゃないのか？	
24	32	そうか！　W病気は薬でなおるのか…GN村長が病気だなんて疑ってしまっC033	
24	33	て…  W悪いことをしてしまったなあ…GXおれもみんなにこのことを伝えC034	
24	34	るよ！	
24	35	スサノオはあなたが倒してくれるというのは本当なのですか？	
24	36	SUF005はスサノオを倒すためには、人々が平和に暮らすことが必要であるC037	
24	37	ことを説明した…F007	
24	38	そうですか…　Wこれまで私達は噂に振り回されていたようですねGN人をC039	
24	39	信じて暮らすという一番大事な事を忘れてしまっていたようです…GX私もC040	
24	40	村の者に伝えて回りますので、U様は長の所へ行き、村はもう昔のようにC041	
24	41	なったと伝えてくださいGNそれでは！　Wまた後で！	
24	42	おお、U様！　W村人を説得していただけたのですな！GNこれで昔のようにC043	
24	43	平和な村に戻ることができるでしょうGXこれで私も思い残すことなく、C044	
24	44	あなたにこの村をお譲りすることができますGNありがとうございました	
24	45	SF005アタの村を譲り受けた！！F007	
24	46	それでは、準備がありますのでまた後でおいでくださいGN人々も外でC047	
24	47	あなたを待っていると思いますよ	
24	48	クマソの村の沖に不気味な霧の塊が近付いているそうですGN漁師達も気味C049	
24	49	悪がって、誰もそばには行かないそうですよGN何が霧の中にあるのですかね？	
24	50	村を救っていただいて、ありがとうございましたGNU様は素敵な方ですね！	
24	51	この村は疫病と西州の混乱によって、村人も少なくなってしまっているのC052	
24	52	じゃよ…GN早く、よい世の中にならんかのう…	
24	53	この村はアタの村Nもう昔のような平和な村に戻りましたわ！	
24	54	U様、この村を救っていただいてありがとうございましたGNこの村の先のC055	
24	55	ヒムカの村は天上界とこの世界をつなぐ扉を守っているという話を聞いC056	
24	56	たことがありますGNなんでもその扉は世界の危機の時に開くとか…GXまずC057	
24	57	はヒムカの長と話をすることですなWNがんばってくださいよU様	
24	58	おお！　U様！GNこのじじいも皆を説得するためにがんばっておりますぞ！	
24	59	まったくおれ様としたことが、病気ぐらいでびびっちまって、恥ずかしいC060	
24	60	かぎりですよGNよく考えたら、生まれてから寝込んだことなんかないのにC061	
24	61	ねWNがっはっはっはっ！！	
24	62	この村の先にあるヒムカの村には、この地上と天上界を結ぶ扉の伝説があC063	
24	63	るらしいGX本当にそんなものがあるのじゃろうか…	
24	64	スサノオの復活が騒がれているが、いったいスサノオとは何者なのだろうC065	
24	65	か…	
24	66	U様のお力で、世界の混乱は収まってきたそうですGNがんばってくださいC067	
24	67	ね！	
24	68	この村はアタの村GNこの先にはハヤトの村がありますわ	
25	0	ここはヒムカの村Nこの村のそばの山には天上界とこの世界をつなぐ扉がC001	
25	1	あると言われていますわGN詳しいことは長にでも訪ねてみてくださいね	
25	2	この村の先にはハヤトの村がありますわGNハヤトの村には気の荒い男のC003	
25	3	人が多いので気を付けてくださいね	
25	4	タカチホの山は昔から、神聖な場所として大事にされてきましたGNしかC005	
25	5	し、最近になって不気味な怪物が棲みついてしまって、山に近付くことがC006	
25	6	できないんですよGXまるで、誰かが山に入るのを拒んでいるようだよ…	
25	7	山に向われるのですね？GNあの山は頂上に着くまで、迷路のようになってC008	
25	8	いますGN慎重に行動してください	
25	9	子供の頃に、天への扉を開く者が世界を救うという話を聞いたことがありC010	
25	10	ますGN私はU様がその世界を救う方だと信じていますよ！	
25	11	クマソの沖に現れたという霧の話を聞きましたか？Y	
25	12	私はその霧とは伝説のヤマ村があるという暗黒の大陸を覆っているものC013	
25	13	だと思うのですGXこれが本当だったら、いよいよ世界の終りが近付いていC014	
25	14	ることになりますGN早く、なんとかしてくだされ　U様！	
25	15	そうですか、その霧はクマソの村の沖に現れ、不気味な力によって、人をC016	
25	16	近付けないそうです	
25	17	クマソの村は暗黒の大陸からの敵を食い止めるために、遣わされた民だとC018	
25	18	いう話を聞いたことがありますGNしかし、クマソの長はそんなことは知らC019	
25	19	ないようですけどねGN与えられた力を自分の欲望のために使っているのでC020	
25	20	すから…	
25	21	その昔にも、スサノオの復活がささやかれた時代があったそうじゃGNしかC022	
25	22	し、その時代の人々の努力により、我々がここにいるわけじゃGXわしらもC023	
25	23	力を合わせて、この危機を乗り越えなければならんGN今を生きている自分C024	
25	24	達だけのことでなく、未来まで人間達がこの世界に住めるようにな！	
25	25	おや？　Wどちら様かな？WN………Wむむっ！　WあなたはもしやU様ではっC026	
25	26	！GXおお…　W世界を救う人物がおいでになることをずっと待ち続けておC027	
25	27	りましたGNそして、この時のために我々はこの村のそばの山を守ってきたC028	
25	28	のですGXそのタカチホの山の頂上には、この地上界と神々が住むという天C029	
25	29	上界をつなぐ扉があるのですGNそしてこの地上界が危機にあるとき、扉をC030	
25	30	開く者が現れ、天上界の神々が世界を救う力を与えてくれるというのですC031	
25	31	GXU様！　W私はあなたこそが扉を開く者だと信じていますGNさあ、すぐにC032	
25	32	山に向ってください	
25	33	山には最近怪物が出るようなので、注意して進んでくだされGNがんばってC034	
25	34	くださいよ！	
25	35	おお！　WU様！GN先ほど、武人の姿をした神々がここを訪れて、私も話をC036	
25	36	聞かせていただきましたGXやはり、あなたは言い伝えの通りの扉を開く力C037	
25	37	を持った方だったのですなGN私もこれで山を守ってきたかいがあるというC038	
25	38	ものですよ！GXさあ、急ぎましょうN早く世界の混乱を鎮めなければ、大C039	
25	39	変なことになりますぞ！	
25	40	SF005ヒムカの村を譲り受けた！！F007	
25	41	それでは準備がありますので、また後でおいでください	
25	42	この村の隣はハヤトの村Nハヤトの騎馬兵士ば、とても恐れられていますよ	
25	43	天上界への扉を開かれたのですねGNこれで、この世界にも希望が見えてきC044	
25	44	ましたよ！	
25	45	U様がいれば、スサノオの復活も恐くありませんわGNだって、U様は世界をC046	
25	46	救うために現れた方なのですから！	
26	0	ここはハヤトの村GNこの西州の中でも強い村だ	
26	1	これからはこの村の強さを、平和のために使わなければなりませんな	
26	2	このハヤトはクマソの村と、対等に戦える力を持つ強い村だGNまあ、おれC003	
26	3	達はクマソの者と違って、野蛮なだけではないがな	
26	4	クマソの兵士は戦場で、すごい働きをするので有名だGN神から戦うためのC005	
26	5	力を与えられたというのはまんざらうそではないようだな	
26	6	なんだおまえは？　W見かけない顔だが、他の村の者がうろうろしているC007	
26	7	と、痛い目に合うぞ	
26	8	スサノオの復活などわしは恐くはないが、これほど世界が混乱しては、こC009	
26	9	の先が心配ではあるな…	
26	10	このハヤトの騎馬兵は、その機動力で恐れられているGN戦場を風のようにC011	
26	11	駆け抜ける兵士は、男のわしが見てもほれぼれするわい	
26	12	ヤマという村の民はスサノオを最高神として崇めているというGNそして、C013	
26	13	その神体とされているのが、巨大な龍の石像なのだそうだGXその龍にスサC014	
26	14	ノオの復活した魂が宿るときこの世を破壊しつくすものが生まれるといC015	
26	15	うGNこの伝説がいつか現実になるのだろうか…	
26	16	おや…　WとうとうやってきたかUよGNいよいよ、この葦原全体を支配するC017	
26	17	日も近くなったというわけだ…GX実際、おまえの支配している村々の力にC018	
26	18	かなう村はないだろうGNしかし、だまってこの村を渡すわけC019	
26	19	にはいかんGX戦わずによそ者に渡したとあっては、この村C020	
26	20	の男達は許さないだろうGXUよ、おまえがこの村を得るための道はただC021	
26	21	ひとつWNこのハヤトと戦うことだGXこの村に勝てないようでは、クマソはC022	
26	22	おろか、世界をまとめることなどできんぞGNさあ、帰っていくさC023	
26	23	の準備でもするんだな！	
26	24	もうおまえに話すことなどないぞ！Nさっさと帰るんだな！	
26	25	この村の鍛冶屋では、鉄で弓矢を作ることができるんだGNその威力は大きC026	
26	26	いが、扱いにくいので失敗も多くなるだろうな	
26	27	あなたは大国主様なのですか？	
26	28	そうですか、ではウサの村にいるという大国主様が本物なのですな	
26	29	いや、この村の隣のウサの村にも大国主がいるという話を聞いたものですC030	
26	30	からなGNさて、どういうことなんですかね？	
26	31	最近、ヤマの村とか、スサノオの復活とか物騒な話をよく聞きますよGN何C032	
26	32	が起こっているのですかねえ…	
27	0	ここはウサの村です	
27	1	この村には大国主様がいるんだよ！	
27	2	この村には本物の大国主様がいるんだよ！	
27	3	この村には大国主様がおられるのだGNそのおかげで、この村は争いもなくC004	
27	4	、平和に暮らすことができるのだ	
27	5	あら？　W見かけない方ですが、どちらの村からおいでになったのですか？	
27	6	UF005自分の身分を告げたF007	
27	7	あなたが大国主ですって！WNうそを言わないでくださいよGN大国主のヤチC008	
27	8	ホコ様なら、門番のいる家の中におられるんですから…	
27	9	一体、どういうことなのかしら…	
27	10	大国主はクマソの村も話し合いでまとめるなんて、うまい話を言っているC011	
27	11	が、そんなうまくいくはずがないよ…GN戦うしか、この村が生き残る道はC012	
27	12	ないというのに…	
27	13	この村に古くから語り継がれている話に、この世が乱れるとき力の神が現C014	
27	14	れ、不死の龍がよみがえるというものがあるGX力の神とは…　Wそう、C015	
27	15	スサノオを指すのじゃろうな…GNこれがただの伝説ならばよいのだが…	
27	16	しかし、この村の大国主様が、なんとかしてくれるだろうから安心じゃよ！	
27	17	しかし、本物の大国主様がこうしてがんばっておられるのだGN心配するこC018	
27	18	ともなかろう！	
27	19	おや？　Wどちら様ですかな？	
27	20	UF005は長に自分が大国主であることを告げた…F007	
27	21	何ですと！！　Wあなたも大国主だと言うのですか！GNこの村にはすでにC022	
27	22	アマテラス様から使命を受けたという、大国主様がおられるのですぞ！GXC023	
27	23	これは…　W一体どうしたことじゃろうか…GXわしはもう頭がおかしくなC027	
27	24	とにかく、この村の大国主様に会ってくだされ…GNC025	
27	25	それからまた、お話を聞くことにしますのでなGXやれやれ…　W困ったこC026	
27	26	とになったのう…	
27	27	りそうじゃわい…	
27	28	私が大国主のヤチホコですGNこの私に何の御用ですかな？GXWおや？　WC029	
27	29	あなたは…W…W…WNむむむ…　W！？　Wもしやっ！GXあなたが大国主のUC030	
27	30	様ですねっ！GNこ、Wこれは、し、W失礼しましたっ！GXあなたのお名前をC031	
27	31	勝手に利用したことは、この通りにお詫びいたしますGNC032	
27	32	しかし、この私の話も聞いてくださいGXこの村はクマソとハヤトとC033	
27	33	いう強い村にはさまれ、恭順するか戦うかで、村の中の意C034	
27	34	見が大きく分れてしまいましたGNそして、他の村に何をされることもないC035	
27	35	のに、村の中で争いが起こるようになってしまったのですGXその頃、私はC036	
27	36	世界を救うというあなたのお噂を耳にしましたGNそして、分裂してしまっC037	
27	37	た村をまとめるために、自分がアマテラス様に使命を受けた大国主だと、C038	
27	38	うそをついたのですGX私は悪事を働くために、あなたのお名前を使ったわC039	
27	39	けではないのです…GN生まれ育ったこの村を救いたい一心だったのです…C040	
27	40	GN本当に申しわけありませんでした…GXとにかく、村の者達には私が真実C041	
27	41	を告げてまわりますGNU様は長の所をお訪ねになってくださいGN村譲りのC042	
27	42	ことも、きっと承諾してくれるはずですから…	
27	43	しかし…  Wうそだったことがわかったら、どんなとがめを受けるやら…	
27	44	大国主のヤチホコ様なら、この家の中におられます	
27	45	しかし、今は村の仕事が忙しいので、面会はお断りしております	
27	46	長がヤチホコ様にお会いになれと言われたのですねGNそれではどうぞ	
27	47	おい！　W一体どういう事なんだ！GNこの世に二人も大国主がいるわけなC048	
27	48	いだろう！GXもしかして、おまえたちはぐるになって、この村の者をだまC049	
27	49	そうとしているんじゃないのか？GNふざけたことをすると、ただじゃおかC050	
27	50	ないぞ！	
27	51	ちょっと！　Wどういうことなのよ！GNアマテラス様から使命を受けたとC052	
27	52	いうから、信じていたのに…	
27	53	一体どういうことなんだNはっきり説明してくれよ	
27	54	ああっ！　Wみんな…	
27	55	この方は本物の大国主のU様なんだ…GNつまり…　WおれはにせものだったC056	
27	56	ということなんだ…GXでも、おれがうそをついたのも、この村がばらばらC057	
27	57	になりそうだったからなんだよ！	
27	58	わかってくれよ、みんな！	
27	59	なっ！　W許してくれよ！	
27	60	いや、Wおまえは自分が大国主だと偽って、この村の者をだましたんだGNC061	
27	61	いくら村がそのおかげで、まとまったからといっても、許すわけにはいかC062	
27	62	ないぞ	
27	63	おや？	
27	64	F005どこからか声が聞こえる…F007	
27	65	みなさん…　W私の声が聞こえますか？GN私の名はアマテラス…GXヤチホC066	
27	66	コよ、あなたは誤ったことをしたわけではありませんGNおまえの村を救おC067	
27	67	うという気持ちは私にはよくわかっていますよGX大国主とはこの世界をC068	
27	68	救うために働く者のこと…GNそれは一人だけではなく、Uも、ヤチホコもC069	
27	69	、そしてみなさんも世界を救うための大国主なのですGX世界を破滅から救C070	
27	70	うためには、みなが力を合わせなければならないことを忘れないでくださC071	
27	71	いGN一人だけの働きではなく、みなさんが力を合わせることによって、世C072	
27	72	界を救うことが出来るのです…	
27	73	今の声はいったい…　Wしかし、確かにヤチホコを責めたのは間違いだっC074	
27	74	たようだな…GXこの村を守るためにはまず、村の者が力を合わせなければC075	
27	75	いけなかったのに…GXすまなかったな…　Wヤチホコ…GNこれからはU様をC076	
27	76	中心にみんなで力を合わせて、よい村になるように努力しよう！	
27	77	すまなかったなヤチホコGNこれからも仲よく頼むよ…	
27	78	Uさん　Wこれからはこの村をよろしく頼みますよ	
27	79	さあ、長の所へ向ってください	
27	80	いろいろ迷惑をかけて、申しわけありませんでしたGNこれからはU様のC081	
27	81	下で働かせていただきますので、よろしくお願いいたします	
27	82	これからはみんなで力を合わせて、がんばりますよ！	
27	83	アマテラス様の声が聞こえるなんて…GNいつもアマテラス様は私達を見守C084	
27	84	っていてくれるのですねGNスサノオの復活も恐くないですわ！	
27	85	クマソの村ではU様を迎え撃つ準備をしているそうですよGN気をつけてくC086	
27	86	ださいね	
27	87	この村の隣のイトの村には、ヒミカという鬼道師がいるらしいよ	
27	88	ヤマの村に行くための方法を知っているという老人が、クマソの村にいるC089	
27	89	らしいよGNしかし、ヤマなんて村が本当にあるのかはわからないがね	
27	90	おお、U様！Nアマテラス様の話は村人達から聞きましたぞGX今回の事件がC091	
27	91	起きたのは、私の指導がいたらなかったからです…GN村が混乱した時に、C092	
27	92	私がしっかりと村人をまとめていれば、こんなことにはならずにすんだとC093	
27	93	反省しています…GX他人の力を頼ることだけを考えていて、自分の力を信C094	
27	94	じて行動することを忘れてしまっていたのですね…GXとにかく、こうしてC095	
27	95	大国主様を迎えて、この村もまとまることも出来ましたGNこれからは共にC096	
27	96	世界の危機を救うためにがんばりましょう！	
27	97	F005ウサの村を譲り受けた！！F007	
27	98	それでは準備がありますので、また後でおいでください	
28	0	ここはイトの村ですGNこの村の先には、もうクマソの村しかありませんよ	
28	1	この村は鬼道師のヒミカ様が動かしているのだGX長は何をしていC002	
28	2	るのかって？GN長はヒミカ様のお告げを実行するだけさ	
28	3	これからは大国主様がこの村を動かすのですなGN早く争いのない世界にしC004	
28	4	てくださいよ	
28	5	この村は元々クマソの民が移り住んだ村ですGNしかし、それも昔の話…GNC006	
28	6	クマソは我々も攻め滅ぼそうとしています…	
28	7	クマソの村の沖に現れた霧は、日増しに大きくなっていますGNまたC008	
28	8	霧の正体を探りに行った人は、誰も帰ってきていないようですGN何が霧のC009	
28	9	中にあるのでしょうか…	
28	10	昔、漁に出たときに妙な場所に流れ着いたことがあるのじゃGNそこには村C011	
28	11	があり、空にそびえる高い建物があったのだ…GX夢のようなきれいな場所C012	
28	12	だったが、あの村はどこだったのじゃろうか…	
28	13	ヤマの村は海のかなたにある、暗黒の大陸の中にあり、この世が乱れる時C014	
28	14	にクマソの村の沖に現れるというGXしかし、その島を包む霧は人が近付くC015	
28	15	ことを拒むというGN霧に包まれた村の中でヤマの住民達は、C016	
28	16	村の神体である龍がよみがえる日を待って祈りを捧げているのだそうじゃ…	
28	17	あなたがU様ですな…GNここにあなたがいらっしゃることは、ヒミカ様のC018	
28	18	お告げによって、存じ上げておりましたGXあなたはスサノオの復活を防ぎC019	
28	19	、世界を滅亡から救うために活動されているそうですなGNしかし、ヒミカC020	
28	20	様にはもう、この世界の未来が見えているはずですGXヒミカ様の未来を見C021	
28	21	通す目には間違いはありませんのでな…GNとにかく、ヒミカ様とお話をしC022	
28	22	てくださいGXあなたにこの村を托すかは、ヒミカ様のお言葉ひとつにかかC023	
28	23	っていますので…	
28	24	ヒミカ様は今、未来に魂を飛ばしていますGN声をかけないでください	
28	25	とにかくヒミカ様にお会いくださいGNあなたにこの村を托すかは、ヒミカC026	
28	26	様のお言葉ひとつにかかっていますので…	
28	27	あなたがU様ですね？Nここまでの道のりの苦労はよく存じあげていますC028	
28	28	よ…GXさて、この世界の未来は私の見たところ、暗い闇に覆われてしまっC029	
28	29	ているようですGNしかし、未来は空にある雲のように、常に動き続けていC030	
28	30	ますGXそう、未来は決まっている事ではなく、自分達の行ないによって変C031	
28	31	化しうるのですGNあなたは未来を覆う暗い闇をはらう力を持っていますGXC032	
28	32	スサノオはたぶんこの世に現れるでしょうWしかし、あなたにはそれを倒C033	
28	33	せる可能性があるのですGN私はこの世界の未来をあなたの力に托しますGXC034	
28	34	さあ、このイトの村をお受け取りくださいWそして、最後の村クマソへ急C035	
28	35	いでください	
28	36	F005イトの村を譲り受けた！！F007	
28	37	これからは私の力もU様のために使ってくださいGNそれではまた…	
28	38	この祭壇では雨乞いや豊作を祈願したりするのですよGN能力の高い鬼道師C039	
28	39	の人であれば、その効果はすばらしいものですよ	
28	40	……………………	
28	41	この村はヒミカ様のお告げのおかげで、豊かな生活が保証されているのだC042	
28	42	GNまったくすばらしいことじゃよ	
29	0	ここはクマソの村Nこの先にはもう村はありませんよ	
29	1	不気味な霧がこの村に近付いているNいよいよ破壊の神がこの村にやってC002	
29	2	来るのだろうか…GNしかし、このクマソはその破壊の神と戦う使命を持っC003	
29	3	た村だGN死力を尽くして戦わなければなるまい…	
29	4	霧の中に向われるのですな…GN必ずや、生きて帰って来てくださいよ	
29	5	チヌマの神殿の話を聞いたかい？Y	
29	6	実はこの村の沖にある霧の中には大陸があるらしいんだGXそのC007	
29	7	大陸の中には二つの村があって、ひとつは伝説で有名なヤマの村GNもうC008	
29	8	ひとつがチヌマという村らしいんだGXなんでもそのチヌマの村の中には高C009	
29	9	い神殿があって、そこでスサノオへの祈りが捧げられているらしいよ	
29	10	本当にそんな神殿なんかあるのかねえ？	
29	11	おまえが大国主のUだな！WN返り討ちにしてくれるから、早く攻めてくるC012	
29	12	がよいわ！	
29	13	ヤマの村のそばにある神殿の中に翼を持った巨大な龍が棲んでいたというC014	
29	14	 昔話を聞いた事があるGN本当にそんな生物がいるのだろうか…	
29	15	この村から霧の正体を確かめに行った者は誰一人として帰ってきていまC016	
29	16	せん…GNどんな力があの霧の中にあるというのでしょうか…	
29	17	霧の中に向われるのですか？WNがんばってくださいね  U様GXあなただけC018	
29	18	が、この世界の希望ですわ…	
29	19	私には聞こえます…GNスサノオのために犠牲になった人達の叫び声が…GXC020	
29	20	あの霧の中の高い場所で、罪のない人々の血が流されているのです…	
29	21	古き言い伝えでは世界が乱れるとき、破壊の神がよみがえるという…GXC022	
29	22	スサノオは元々は力の神だったはずGN結局、その力を悪しきものにC023	
29	23	変えているのは人間達の乱れた心なのでしょうな…	
29	24	このクマソの村は、世界の終りに現れるという敵と戦う力を与えられた村C025	
29	25	なのじゃGNしかし、今の長はその力を自分の征服欲のために使っておる…C026	
29	26	GXそのような心の長では、世界を滅ぼすという敵と戦うことなどでC027	
29	27	きないじゃろうな…	
29	28	U様、Wもはやあなただけが世界の希望ですぞ！	
29	29	昔、この村にある男の鬼道師がいたのじゃWその男は権力欲が強く、いつC030	
29	30	もいざこざを起こしておったGXそしてある日、伝説のヤマの村でスC031	
29	31	サノオの力を手に入れ、世界を征服すると言い残して、どこかに消えて行C032	
29	32	ったのじゃ…GXその男が消えてから、各地の混乱が多くなったような気もC033	
29	33	するので、覚えているのだがな…	
29	34	おまえがUか…WNよほどの豪傑かと思っていたが、実際会ってみるとそれC035	
29	35	ほどの男には見えんな…GXさて、このクマソの村は昔から強い戦士達のC036	
29	36	住む村だGNおまえが今までに見てきた村などと比べてもらっては困るぞGXC037	
29	37	このクマソこそが葦原の王として、君臨するための村なのだGX世界はスサC038	
29	38	ノオの復活ににおびえているようだが、スサノオなどわしにとっては敵でC039	
29	39	はないGNなぜならわし達こそが、神からスサノオと戦うための力を与えらC040	
29	40	た者なのだからなGNスサノオと戦えるなら本望よWNわっはっはっ！GXさあC041	
29	41	、Uよ、おまえも男ならいくさで勝負しようではないかGNスサノオを倒すC042	
29	42	男はわしかおまえかを決めてやるわGN帰っていくさの支度でもするんだな！	
29	43	何度も頼みに来るとは情けない男だ…GNおまえの顔など見たくもないわC044	
29	44	！WNとっとと帰れ！	
29	45	あなたが大国主のU様ですな！GNとうとうここまで来られたのですね…GXC046	
29	46	先祖からの言い伝えに従い、あなたを霧の中の大陸に送るために、ここでC047	
29	47	お待ちしていたのですGXさっそくですが、あの霧の中の大陸で、いよいよC048	
29	48	スサノオが復活しようとしていますG早くなんとかしなければ、この葦原C049	
29	49	中国の被害は恐ろしいものになってしまうでしょうGXU様には一刻も早くC050	
29	50	、スサノオを倒すために大陸に向ってもらいたいのです	
29	51	しかし、この葦原中国の混乱が鎮まらないかぎり、あなたの力でも復活C052	
29	52	したスサノオを倒すことは不可能でしょうGXスサノオを倒すためには、こC053	
29	53	の葦原中国の混乱を鎮めて、スサノオの欲する、怒りや憎しみの力を断たC054	
29	54	なければなりません	
29	55	おお！　U様！	
29	56	とうとう、この世界から混乱をなくしてくれたのですな！GNいよいよあなC057	
29	57	たをあの霧の中の大陸へ、お送りする時がきましたGXただし、あの霧の中C058	
29	58	に入ってしまうと、スサノオの力により、外に出ることは無理なようC059	
29	59	ですGNスサノオを倒せば、この大陸にまた戻ってくることも可能なのでしC060	
29	60	ょうが…GXですから、同行される仲間や持ち物など準備を十分に整えてくC061	
29	61	ださいGN準備が整いましたら、また私の所に来てください	
29	62	霧の中へ向う準備はよろしいですか？Y	
29	63	それでは参りましょう！	
29	64	では、準備が整いましたら、また私の所に来てください	
29	65	まずはこのクマソを治めて、すべての村をひとつにしてくださいGNそしてC066	
29	66	、それぞれの村が豊かになって初めて、スサノオの力が弱まるのですC067	
29	67	からGXがんばってくださいU様！	
29	68	すべての村はひとつにまとまり、世界の混乱は一段落しましたGNしかし、C069	
29	69	まだ世界がよくなったわけではありませんGX人々が貧しいままでは、今まC070	
29	70	でと状況は変わらず、スサノオの力を増してしまうことになりますGXU様C071	
29	71	の村で人口が少ない所があれば、指導により人口を増やしてC072	
29	72	くださいGXどの村の人口も三千人ぐらいになれば、豊かになったと言えるC073	
29	73	でしょうGXすべての村が豊かになったら、また私の所に来C074	
29	74	てくださいGN頼みましたぞU様！	
29	75	ただし、あの霧の中C058	
29	76	しかし、C065	
29	77	むむっ！	
29	78	フフフ…　WUよ、早くヤマの神殿へ来い…GNそこがおまえの死に場所になC079	
29	79	るのだGXわっはっはっはっ！	
29	80	U様…　W今のがスサノオの声なのでしょうかGNすでに復活してしまったのC081	
29	81	だろうか…GXいや！　Wとにかく参りましょうGN私も命をかけてお供しまC082	
29	82	すので！	
29	83	SUF005は武人を制して、ここで残るよう命じた…F007	
29	84	そんな…　Wあなただけでは、あの危険な霧の中をNあっ！　U様っ！	
29	85	霧の中の大陸に渡るときには、薬の準備を忘れないでくださいGN特に非C086	
29	86	時香の実はハヤトの村で手に入るので、多めに持っていくようにしてくだC087	
29	87	さいGXあの霧の中の大陸では何が起こるかわからないですからな	
30	0	おお…  Wあなた様は…Wいったい…	
30	1	SUF005は老人に事情をたずねた…F007	
30	2	そうですか…　Wスサノオ様を倒しにここへ参られたのですか…GXこのヤC003	
30	3	マの村は長い間、スサノオ様の復活を願いつつ、C020	
30	4	葦原の大陸ではスサノオ様は破壊の神として恐れられているようですが、C005	
30	5	この村では力の神として、崇められてきましたGX心正しき人が力を求めれC006	
30	6	ば、その力は強い助けとなるでしょうGNしかし、一歩間違えれば、その力C007	
30	7	はすべてを破壊しつくしてしまうものになってしまいますGXこのことC008	
30	8	を恐れてアマテラス様は、スサノオ様の魂を地中深くに封印されたのですC009	
30	9	が…GX葦原の人々は自分達の欲望のために、スサノオ様の魂を悪しきC010	
30	10	ものとして、復活させてしまいました…GNこの村やチヌマの村の者も、葦C011	
30	11	原から来た男の術によってだまされ、その男の欲望のために犠牲とC012	
30	12	なってしまいました…GXもはや、復活したスサノオ様を食い止められるのC013	
30	13	は、あなたの力しかありませんGN葦原の混乱が収まっているのなら、悪しC014	
30	14	き力も弱まっているはずですGXC018	
30	15	この村の先の神殿の中でスサノオ様は龍となり、復活されるでしょうGNC016	
30	16	さあU様、神殿に向ってくださいGXあなただけが、世界を救える力をC017	
30	17	持っているのですよ！GXがんばってください！NU様！	
30	18	そして、この村に伝わるこの剣をあなたが使うことによって、戦いに勝つC019	
30	19	ことも可能になるはずです	
30	20	ここで暮らしてきましたGNC004	
31	0	SF005話しかけたが、まったく反応がないGNまるで魂を抜かれているようC001	
31	1	だ…F007	
31	2	…………………………	
31	3	SF005高い神殿の上では、男が空に向って祈りを捧げていた…F007	
31	4	ふふふ…　WそこにいるのはわかっているぞU！	
31	5	よくぞ、スサノオ様の結界の中に入り込めたなGNしかし、この大陸からはC006	
31	6	二度と出ることはできんぞGXさて、UよN多くの生け贄の血により、いよいC007	
31	7	よスサノオ様が復活するときが来たGXスサノオ様はその力を信じる者に大C008	
31	8	いなる力を与えてくださるというGNわしが力を得たあかつきには、わしはC009	
31	9	葦原に戻り、世界の王として君臨するGNこのわしをばかにした愚かC010	
31	10	者達を踏みにじり、富と栄誉を我が物とするのだ！GXさあ、せっかくここC011	
31	11	まで来ていただいたのだからな、少しおもてなしするとしようか…	
31	12	さあ、この男をおまえたちと同じように、死人としてやるのだ！	
31	13	さすがはUだな…GNしかし、スサノオ様の力はおまえにも、もう止められC014	
31	14	ぬわ！WNさらばだUよ！	
31	15	…Wあ、Wあの男は怪しげな術で、W私達を操り、次々とスサノオ様へのC016	
31	16	生け贄に…GNううっ…	
31	17	早く、Wあの妖術師を…　W倒して…　Wく…Wださ…Wい…W…W…	
32	0	は気が付くと暗闇の中で倒れていたGX自分は何者なのか？GNどこから来C001	
32	1	たのか？GNそしてここはどこなのか？GX自分に対する記憶はなく、暖かくC002	
32	2	包むような、ぼんやりとした感覚が頭の中を満たしていた…F007	
32	3	目覚めましたかU？GNさあ、こちらへおいでなさい	
32	4	私の名はアマテラスGNあなたをここへ呼んだのはこれから重要な使命をC005	
32	5	あなたに与えるためですGXまずあなたにはこの世界の成り立ちからお話しC006	
32	6	しなければなりませんねGXそう、すべての世界は神々が住む、この天上界C007	
32	7	の高天の原GN人間達が住む地上界の葦原中国GNそして黄泉の国へ続く、地C008	
32	8	中界の根の国の三つから成り立っていますGXW私は神々をまとめ、地上をC009	
32	9	照らして人々は平和に暮らしていましたGNそして平和な時が流れ、葦原中C010	
32	10	国の人達が増え、文化が芽生え始めましたGXしかしそのことにより人々はC011	
32	11	今まで以上に強く欲望を抱くようになってしまいましたGX今、葦原中国にC012	
32	12	暗い影が近付きつつありますGNその闇の力は人々を惑わし、争いを起こさC013	
32	13	せる力を持っていますGNそしてその力の元は破壊神スサノオなのですGXC014	
32	14	以前、私達神々は荒れ狂うスサノオを根の国の洞窟に激しい戦いの末にC015	
32	15	封印しましたGXしかし、その封印が人々の混乱によって破られつつありまC016	
32	16	すGXスサノオが復活し、地上が闇に包まれれば世界は滅びてしまうでC017	
32	17	しょうGNそこで世界のためにあなたに重要な使命を伝えますGNまずはこれを	
32	18	葦原中国を救うためにはあなたが大国主となり、すべての村をひとつにC019	
32	19	まとめ、世界を混乱から救うことですGX平和が戻り、人々の心に安らぎがC020	
32	20	戻れば、スサノオの力は弱まりますGNその時に私は力を取り戻し、世界にC021	
32	21	光を与えることができるでしょうGXUよ時間はもう長くは残されていないC022	
32	22	のですGN一刻も早く、世界を救うのです	
32	23	さあ、この光の中に入りなさいGX地上に降りたらまず黄泉比良坂に向うC024	
32	24	のですGNそこに私が残した、大国主になるための武器が置いてありまC025	
32	25	すGNその武器を手に入れ、そして使命を果たすために力を尽くしてください	
32	26	あなたが最後の希望なのですGNW平和を望む大国主となり世界を救うC027	
32	27	のですW…W…W…W　がんばるのですよ…	
32	28	UF005C000	
32	29	SUF005は武器や防具を授かった！F007	
33	0	よくぞ来たU！GNおまえがここに来るのを長い間待っておった…GXC001	
33	1	アマテラスから聞いているであろうWNそう、Wわしの名はスサノオ…GNC002	
33	2	力と争いの神だGXさて、おまえがこの洞窟にやってきた理由は…WNわしC003	
33	3	には遥か昔からわかっておるGXおまえが大国主になるためにここに来るC004	
33	4	ことがな…GN隠しても無駄なのだUよGXわしはおまえが大国主になれるかC005	
33	5	を見極めなければならぬGNそのためにはおまえは二つの神器を手に入れなC006	
33	6	ければならないGXこの部屋の二つの扉はそれぞれ神器がある部屋にC007	
33	7	つながっているGNそこに何が待っているかは行ってからのお楽しみだがC008	
33	8	、Wまずは左の扉を進むがよい	
33	9	首尾よく神器を得て、ここに戻ってこれたら右の扉も開けてやろうGXそれC010	
33	10	ではがんばるのだぞUよ…	
33	11	SF005広場には大きな石像とその前に立つ一人の女性の姿があったGNUC012	
33	12	F005が近付くとその女性は不気味な男の声で話しはじめた…F007	
33	13	…W…W…WW！？GNこ、Wここは…W　私はなぜ…WN！！　もしかして…GXC014	
33	14	あなたは大国主になられるというU様なのですね！	
33	15	申し遅れましたが、私は神術を学んでいるスセリという者ですGX実はアマC016	
33	16	テラス様のお告げであなたを捜していたのですGXアマテラス様は夢の中でC017	
33	17	この世界を救うために選ばれた人が地上に現れるGNそして、その人の手助C018	
33	18	けをせよと告げられたのですGNそれで私は天上界に通じるという天の真奈C019	
33	19	井を探していたのですGXしかし、その途中で穴にC020	
33	20	落ちてしまって…Wそれからの記憶がないのですGNきっとこの洞窟の中にC021	
33	21	満ちている何者かの力に操られていたのかも知れませんGXでも、やっとC022	
33	22	捜していた人に会えましたWN力は弱い私ですが、どうかお供をさせてください	
33	23	SF005スセリヒメが仲間に加わった！F007	
33	24	私はこれでも多少の神術の心得があるつもりですWNさあ、行きましょうC025	
33	25	U様	
33	26	SUF005達が近付くと大蛇は鎌首をもたげて襲いかかってきた！！F007	
33	27	SUF005達に気付くと大百足は牙を剥いて飛びかかってきた！！F007	
33	28	無事に二つの神器を得て帰ってくるとは…WUよおまえの力はなかなかC029	
33	29	のものだGXしかし、わしにはおまえの気持ちが理解できんGNなぜそれほどC030	
33	30	の力を持ちながら平和を望むのだ？GXその力で村々を征服して、富とC031	
33	31	栄誉を我がものにしたくはないのか？	
33	32	SF005スサノオの力が強まっている！！F007	
33	33	弱い者に情けなど持つな！WNすべての人間をおまえに服従させろ！GX争C034	
33	34	いを、憎しみをこの世界に溢れさせるのだ！GNフフフ…W　さあ、Wその力C035	
33	35	をわしが与えてやろうWN前にでるのだUよ…	
33	36	SF005どこからか声が聞こえる…F007	
33	37	Uよ目覚めなさいWNスサノオの言葉に惑わされてはいけません	
33	38	SUF005は正気に戻った！F007	
33	39	スサノオよ、Wおまえに最後の希望を奪われるわけにはいきませんGN私のC040	
33	40	残された力にかけてもおまえの復活は許しません！	
33	41	くっ…W　アマテラスよ、Wおまえにまだこれほどの力が残っているとはなC042	
33	42	…GXしかし、もう手遅れだったわWNこの葦原はもう憎しみによって満ち溢C043	
33	43	れているGXわしの力を求める者達によって、深い闇の中からわしは再びC044	
33	44	力を得たGNもはやこの忌々しい封印も用をなさなくなったのだWNもう誰にC045	
33	45	もわしは止められぬわGXアマテラスよ、Wおまえの最期ももうすぐだWそC046	
33	46	して、Wこの世界の終りもなGXまた会おうUよC047	
33	47	、Wそしてその時がおまえの最期なのだGNわっはっはっはっ！！	
33	48	ううっ…WW残念ながら…W　私の力が及ばなかったようです…GN封印をC049	
33	49	解き、いよいよスサノオは復活に近付いていますGXUよ、W急ぐのですWNC050	
33	50	今すぐに世界を混乱から救えば、スサノオの復活を防ぐことができるのC051	
33	51	ですGXまずはイズモの村に向ってくださいWNイズモの長はスサノオの力C052	
33	52	に囚われてしまっていますGX彼を倒し、まずイズモの村を手に入れるのでC053	
33	53	すGXそしてすべての村をひとつにまとめ、世界を混乱から救うのですGXC054	
33	54	UよWNこれから苦難が待ち受けていますが、がんばるのでC055	
33	55	すGN私も力ある限りあなた達を助けましょうGXC056	
33	56	…W…W…Wさあ、Wお行きなさい…	
33	57	SUF005は生太刀を扉に向けて掲げたF007	
33	58	SF005扉は何者かの力によって開いた…F007	
33	59	SUF005は突起物を壁に押し込んだ！F007	
33	60	SF005突起物は壁に吸い込まれるように入っていったGNそしてどこかで石C061	
33	61	の動く音がしたF007	
33	62	SF005壁には怪しい突起物が出ているF007	
33	63	S「黄泉の扉を開く者に禍あれ」Wと書かれている	
33	64	S「扉の前で大国主の証である剣を見せよ」Wと書かれている	
34	0	SF005めりこんだ仕掛けを引くと、扉が動き出した！F007	
34	1	うーい………W　酔っ払っちまったなあぁ…Wあれ！？W　誰だおまえ達はC002	
34	2	！GNちきしょう！　W親分に告げ口されてたまるか！GNC003	
34	3	このまま許すわけにはいかねえぞ！	
34	4	おや？　Wおまえがイナバの長に頼まれて、おれ達をこらしめるだとか言C005	
34	5	ってる野郎か！GXあのくそおやじも自分じゃかなわないからって、代わC006	
34	6	りにどこの者かもわからない奴をよこすとは…GXこんなことだから誰もC007	
34	7	ついていかねえんだ！GXみんな！W　こいつをたたんで送り返してやれ！	
34	8	いてて…　Wあんた強いな…GNそうか、Wあんた噂の大国主ってやつか…	
34	9	それならこの村、Wいやこの世界をよくしてくれよ！GX今、みんなは飢えC010	
34	10	や争いでいらいらしてるWそして世界はもう終りだなんて言い出す奴もいC011	
34	11	る始末だ…GNこのままじゃ本当にこの世界は終っちまうよ…GXおれ達ももC012	
34	12	うどうでもいいって気持ちになって、ばかなことばかりしてたけど…GXあC013	
34	13	んたみたいな人が先頭に立ってやってくれれば、きっといい世界になるはC014	
34	14	ずだGNおれもこれからはまじめにやっていくから一緒に働かせてくれよ！C015	
34	15	いやだって言ってもついて行くからな！GXそれじゃ先にイナバの村に帰っC016	
34	16	ててくれよW荷物をまとめておれもすぐに行くからさ！	
34	17	SF005仕掛けを押すとどこかで扉の開く音がしたF007	
34	18	SF005この階のどこかに変化があったようだF007	
35	0	やはり長はこの洞窟に来ていたのか…GN実は昔から、ここには鬼がいるとC001	
35	1	いう噂があって、村の者は誰も近付かないのですGXU様、W私は万が一のたC002	
35	2	めに村に戻って応援を呼んできます	
35	3	私もすぐに戻りますが、注意して進んでくださいGNそれでは！	
35	4	SF005広場には祭壇のようなものがあり、長らしき男が何か呪文を唱えてC005	
35	5	いるGNどうやら何かのために祈っているようだF007	
35	6	そこにいるのは誰だ！！GXC007	
35	7	…WおまえはU…WNどうしてここを…GXまあ、見られたからには仕方がなC008	
35	8	い、本当のことを話してやろうGXわしは人間達がこの世界に現れる前、そC009	
35	9	う世界が闇に包まれていたころからここに住んでいたのだ…GXしかし世界C010	
35	10	が光を得て、人間達が増えるに従って、わしらのような異形のものは追いC011	
35	11	やられていったGNしかし、今またスサノオ様がこの世界に戻られようとしC012	
35	12	ているGXスサノオ様の力で世界が闇に包まれれば、またわしらは力を取りC013	
35	13	戻すことができるのじゃGXWさあ、Wおまえもスサノオ様の生け贄にしてやる…	
35	14	ググググ………Wググ………Wギギギ……	
35	15	ス…Wスサノオ…Wさ…Wま…W…W…	
35	16	フフフ…GNUよ、Wわしの声が聞こえるか？GNわしの力は徐々に戻りつつC017	
35	17	あるGXおまえがこのわしの復活を邪魔しようとしても、この葦原中国C018	
35	18	には混乱や憎しみ、そして欲望が満ち満ちておるGXそうだ、Wわしは望まC019	
35	19	れて復活するのだWNもうおまえなどにこのわしは止められんわGXまあ、せC020	
35	20	いぜい悪あがきをするがよいGNはっはっはっはっはっはっ………	
35	21	はあはあ…　Wお怪我はありませんかU様GXやっ！W　この血は…	
35	22	SUF005はいままでの出来事をタケミミスギに告げたF007	
35	23	そうですか…　W長は殺され、W代わりに鬼が…GXな、Wなぜ…　WこんC024	
35	24	なことに…GNうっ…W　うううっ…	
35	25	U様、Wこんな悲しい形になってしまいましたが…GNこれからはキビの村をC026	
35	26	U様の御指導でよくしてくださいGX私達も精いっぱい努力することを誓いC027	
35	27	ますWさあ、村に帰りましょう…	
35	28	SF005仕掛けを押すと、どこかで扉の開く音がした…F007	
35	29	SF005仕掛けを押すと、足元に落し穴が開いてしまった！F007	
35	30	S「扉を開くなかれ」と、石版には書かれている	
36	0	よくぞここまで来たなUよWN私がこの山の主であるオオモノヌシだGX私はC001	
36	1	昔、天上界からこの世界の人々に文化を与えるためにやってきたGN人々はC002	
36	2	私の活動により、生活が安定して豊かになっていったGX私は使命をC003	
36	3	終了して帰還するはずだったがこの地上の世界が気に入ってしまっC004	
36	4	たGN豊かな自然と優しい心を持った人々を愛してしまったのだGXそして私C005	
36	5	は長い年月の間、世界を見守ることになったGXしかし、今この世界にはC006	
36	6	大きな変化が起こっているGN人々は以前のような優しい心を失い、その代C007	
36	7	わりに欲望と憎しみに心を囚われつつあるGX今の世界の乱れはすべてC008	
36	8	この人の心の乱れによるものなのだGX人々は今、自分達の力で誤った選択C009	
36	9	をしようとしているGNこのままでは取り返しのつかないことになってしまC010	
36	10	うのだGXUよ、W早くすべての村をまとめて混乱から救うのだGNそうすればC011	
36	11	、乱れた心が欲するスサノオの力を弱められるだろうGXさあ、私もC012	
36	12	人間の姿となり力を貸そうGN愛する世界が、このまま滅びるのを見てC013	
36	13	いるわけにはいかないからな	
36	14	では、わしはミワの村に戻っているとするかGNミワ村はおまえに譲るようC015	
36	15	にしておこうGXそれではまた後でな！	
36	16	SUF005が仕掛けを押すと、どこかで木のきしむ音がしたF007	
36	17	S「生命の泉」	
36	18	S「宝あり、注意せよ」と、書かれている	
36	19	S「意味なき物に意味あり」と、書かれている	
36	20	SF005どこからか引き返せと声が聞こえる…F007	
36	21	SF005広場の中央では大蛇がこちらを見ていたGNUF005が身構えると、そのC022	
36	22	蛇は低い声で話し始めた…F007	
36	23	SF005ミワの村を譲り受けた！！F007	
36	24	S「この先、迷いの森」と、書かれている	
37	0	SF005足を怪我したらしい鹿が、地面にうずくまっているGN近付くと鹿C001	
37	1	は心の中に話しかけてきた…F007	
37	2	あなたは私の言葉が聞こえるのですね？GX私は猟師の矢によって、足に怪C003	
37	3	我をしてしまいましたGNその猟師はまだ私を捜していますGNしかし、私にC004	
37	4	はまだ育てなければならない子供がいるのですGXお願いですU様N怪我の手C005	
37	5	当てをしてくださいY	
37	6	SUF005は怪我の手当てをしてあげたF007	
37	7	どうもありがとうございましたGNこの御恩はわすれません…	
37	8	SF005鹿は足を引きずりながら、森の奥に消えていった…F007	
37	9	なぜですか…GN親の私が死ねば、子も死んでしまいますGNいくら人間が食C010	
37	10	べるものに困っているとしても、すべてを捕らえてはやがて何も残らなくC011	
37	11	なってしまうのですよ…GXお願いですU様WN怪我の手当てをしてくださいY	
37	12	そうですか…GNこれも自然の定めとあきらめることにしましょう…	
37	13	SF005道には白い着物の女性が立っているGN近付くとその女性は小さな声C014	
37	14	で話し始めた…F007	
37	15	私は山の神のお怒りを静めるために、ここで祈りを捧げています…GNしかC016	
37	16	し、私には疑問に思うことがあるのですGX私達は動物や木の実などの山のC017	
37	17	幸を生活のために得てはいけないのでしょうか？Y	
37	18	そうですか、では私の祈りなどは不要ですねGN私は帰ることにしましょう…	
37	19	SF005話を終えると、女性は静かに森の奥へと消えていった…F007	
37	20	それでは人間のためなら、いくらでも動物を捕らえてもよいのですねY	
37	21	本当にそれでよいのでしょうか…	
37	22	そうですか、W人間だけのことを考えていてはいけないということですね…	
37	23	SF005大きな白い猪はじっとこちらを見ているGNそして心の中に話しかけC024	
37	24	てきた…F007	
37	25	Uよ、Wおまえがどういう理由でここまで来たのかは知らぬが、まずはわしC026	
37	26	の話を聞くがよい…GXわしはこのイブキの山などを治めている山の神だC027	
37	27	GN以前、人間達は山の幸を得るためにわしに敬意をはらってきたGNそしてC028	
37	28	わしも人間達に幸を与えてきたのだGXしかし人間は増え、次第にすべてがC029	
37	29	自分達のものだと思うようになっていったGN手当たり次第に動物を殺し、C030	
37	30	自然の調和を乱すようになったのだGXそれでわしは人間達に嫌気がさし、C031	
37	31	この山に入る者に罰を与えるようになったのだGXわしはさっきも言ったよC032	
37	32	うに自然を司る神だGN人間達に危機が迫っていようが、わしには関係はなC033	
37	33	いGXしかしおまえが昔のように人間が自然を敬うように指導するならば、C034	
37	34	力を貸してやろうと思っていたのだGXそれでわしはおまえにその力があるC035	
37	35	かを試すためにここに来るまでの間の行動を見ていたのだ	
37	36	おまえならば、人間と自然が共に歩めるような世界にできるだろう	
37	37	おまえはまだ若いが、そのうち世界をよくする力がつくだろう	
37	38	おまえは力があるが、この世界をよくすることはできないだろうGNどうしC039	
37	39	ても村を助けたいのだったら、このわしと戦うんだな！	
37	40	さあ、村に帰るがよいGN長にはわしから伝えておこうGXそれからこのことC041	
37	41	は忘れないようにすることだGNそれは人間だけでは世界は成り立たないとC042	
37	42	いうことだGX自然と共に歩まねば人間達も滅びてしまうぞ…GNそれでは行C043	
37	43	くがよいUよ…	
38	0	SUF005は波の打ち寄せる音で目覚めたGNいつのまにか気を失ってしまったC001	
38	1	ようだ…GXあたりを見回すと、海とも陸とも違う、見たこともないようなC002	
38	2	美しい風景が広がっていた…F007	
38	3	あなたがアマテラス様から、人間の世界を救う使命を与えられたというUC004	
38	4	様ですねGXここは竜宮の城WN遠き海のかなたにありますGNそして私はこのC005	
38	5	城の主、海王ですGXこの城は海における自然、W風や波、そして海の幸のC006	
38	6	均衡を保つために、人間達が生まれる前からここにあるのですGXさて、WC007	
38	7	あなたがはるばるこの城をお訪ねになったわけをお聞きしましょうか…	
38	8	SUF005はヤイヅの村の窮状を海王に告げた…F007	
38	9	そうですか…　Wそれで私の所においでになったというわけですか…GX私C010	
38	10	は長い間、この海の自然と人間達を見守ってきましたGN人間と自然は共存C011	
38	11	し、平和な時間が流れていましたGXしかし、人間の世界は今、人々の欲望C012	
38	12	の力のために乱れていますGNそして、自然も人間達の勝手な振舞いによっC013	
38	13	て、均衡が崩れてしまっているのですGXヤイヅの村の鮫のことも、元々はC014	
38	14	漁師達が海の幸を得るために、自然の均衡を無視したことから、起こったC015	
38	15	ことなのですGN海に暮らすものは無尽蔵ではなく、微妙な均衡が保たれてC016	
38	16	いなければ、以前のような豊かな幸をもたらすことはできませんGXU様がC017	
38	17	葦原中国の人々を正しい方向に指導するのであれば、いつかはヤイC018	
38	18	ヅの村のような事はなくなるはずですGXしかし、現在その猶予を許さないC019	
38	19	事態が迫っているようですGNそれは人々の乱れた心が、急速にスサノオのC020	
38	20	力を強めてしまっていることですGXスサノオとは力、しかし、乱れた人のC021	
38	21	心はその力を悪しきものに変え、この世に呼び戻そうとしていますGNスサC022	
38	22	ノオが現れれば、世界は滅亡へと向ってしまいます	
38	23	ヤイヅの村のことは私の力でなんとかしましょうGNU様は一刻も早く、C024	
38	24	混乱した世界をまとめ、人々を救ってやってくださいGX世界の終りはこのC025	
38	25	城、そして自然の終りも意味しますGN私はあなたの力と正しい心に世界のC026	
38	26	未来を托すことにしましょうGXC027	
38	27	それから、あなたに贈り物がありますGNこれから起こるであろう苦難のC028	
38	28	助けになると思います	
38	29	贈り物をこれへ！	
38	30	さあ、急いでくださいU様GNあなたは世界の希望なのですから…	
39	0	おまえが大国主のUか…GN仲間だけで乗り込んでくるとはいい度胸だGXさC001	
39	1	てと、Wワナミの村ではおれが大悪人になっているようだが、あんたはあC002	
39	2	の長にだまされてるぞGXどうせおれを倒したら村を譲るなんてことを言わC003	
39	3	れて来たんだろうが、あの野郎があんたに村を譲るわけがないよGXあいつC004	
39	4	は心の底から汚い奴なんだよGN奴は村を自分のものにするために、元の長C005	
39	5	だったおれの親父をだまし討ちで殺したのさGXそして、Wおれは一人で逃C006	
39	6	げのびて、恨みを晴らすためにここに戻って来たってわけさGXまあ、信じC007	
39	7	る信じないはあんたの勝手だWNどうする、おれと戦うのか？Y	
39	8	本当におれと戦うんだな？Y	
39	9	そうか…　Wそれならば仕方がないGNあんたに恨みはないが、あいつを倒C010	
39	10	す邪魔をする奴は消えてもらうぜ！	
39	11	ううっ…　Wこんな所で果てるとは…GN親父よ…　Wすま…Wな…Wい…	
39	12	うわーっ！　W親方がやられたー	
39	13	Uさんよ、よくぞ承知してくれたGNこれで無駄な争いをしなくてすんだわC014	
39	14	けだGXみんな！　Wよく聞いてくれ！GN今からワナミに乗り込み、あの長C015	
39	15	をぶっ飛ばしにいくぜ！GN準備がすんだら出発だ！	
39	16	おーーーーっ！！	
39	17	Uさんよ、妙な話にまきこんでしまってすまないなGNしかし、ワナミの長C018	
39	18	のような、欲に囚われた男がいる限り、この世界はよくならないぜGXあいC019	
39	19	つには父を殺された恨みもあるが、それ以上に生かしておいては世界のたC020	
39	20	めにならない男なんだよGXまあ、あいつはおれがきっちり倒すから、もうC021	
39	21	少しおれにつき合ってくれよGNそれじゃあ、ワナミの村に行くとするか	
39	22	大国主のU様ですな？GNどうぞこちらへ	
40	0	Uよ…　Wだいぶ力をつけたようだな…GN黄泉比良坂で会った時と比べるとC001	
40	1	、たくましくなったものだ…GXC002	
40	2	わしはおまえが倒したオロチを使い、復活のための力を蓄えていたのだC003	
40	3	GNわしがこの世界に姿を現すためには多くの血と憎しみ、そして怒りC004	
40	4	の力が必要なのだGXまだ復活するためには力が足りぬGNしかし、わしは必C005	
40	5	ずこの世界に姿を現して見せるGNそして、その時がおまえの最期となるのC006	
40	6	だGXそれまで、達者で暮らせよ　U！Nはっはっはっ…	
40	7	…W…W…Wはっ！　WU様っ！GNオロチがそこまで来ています！N離れてくだC008	
40	8	さい！	
40	9	こんな危険な所まで、私を助けるために…WありがとうございますU様！	
40	10	U様の御無事をお祈りしておりますGN必ず、W必ず無事で帰ってきてくC011	
40	11	ださいNU様！	
40	12	SUF005はサヨリヒメに、安全な場所に逃げているように命じたF007	
40	13	SUF005は酒船に八遍醸みの酒をなみなみとそそいだ…F007	
40	14	SF005オロチは酒船にそそがれた酒を飲み始めた…F007	
40	15	SF005するとオロチは強い酒のために酔って、眠ってしまった！F007	
40	16	SF005酒を飲み干すと、オロチはUF005に襲いかかってきた！F007	
41	0	SUF005が近付くと沼の中から、不気味な怪物が姿を現した！！F007	
41	1	SF005力尽きた怪物は沼の底へと沈んでいった…F007	
42	0	SF005仕掛けを押すと、どこかで木のきしむ音がした…F007	
42	1	SF005仕掛けを押したが、どこに変化があったかはわからなかった…F007	
42	2	SF005山の頂上には一本の錆びた矛が刺さっていたGNUF005はその矛を力をC003	
42	3	込めて引き抜いた！F007	
42	4	Uよ、よくぞここまでやってきたな…GN私はニニギノミコトN天上界からC005	
42	5	降ってきたものだGXUが矛を抜いたことにより、この地上と天上とのC006	
42	6	間に少しの隙間ができたGNそして私はこの世界を救う力を貸すためC007	
42	7	にやってきたのだGXまあ、Uの力ならば、私が手伝うこともないだろうがC008	
42	8	なGXスサノオの力はUの働きによって、勢いを失いつつあるようだGNC009	
42	9	しかし、それでもまだその力は強大なものだGN早く、世界をひとつにまとC010	
42	10	めて、人々の生活を豊かにしなければならないXそれができなければ、スC011	
42	11	サノオを封じ込めることは無理だろうGXC012	
42	12	さあ、UよN私達は世界を救うために、もう一働きしなければならないGNC013	
42	13	これから、力を合わせて戦おうではないかGXそれでは私はヒムカの村に共C014	
42	14	の者と帰っているからな	
42	15	それでは、また後でな！	
43	0	SF005祭壇の前には、チヌマの村で出会った妖術師が祈りを捧げていた…F007	
43	1	くそっ！　Wもう少しだというのに、また邪魔をしにくるとは…GNこうなC002	
43	2	ったら、ここでわしがおまえの息の根を止めてやるわ！	
43	3	ううっ…　Wこんなところで…　W果てることになるとは…GXしかし、UよC004	
43	4	…　Wもう、スサノオ様の魂はこの世界に現れておるのだ…GNそして、WそC005	
43	5	の魂が龍の身体に宿るとき、W完全にスサノオ様は復活するのだ…GXそうC006	
43	6	なれば…　Wおまえも…　Nうぐっ！	
43	7	SF005仕掛けを動かすと、どこかで扉の開く音がした…F007	
43	8	SF005この階のどこかで変化があったようだF007	
43	9	SF005どこかで扉が開いたようだF007	
43	10	むむっ！　W貴様がUか…GNこの洞窟から、生きて帰すわけにはいかんぞ！	
43	11	うぐっ…	
44	0	SF005どこかで扉が開いたようだ…F007	
44	1	SF005どこかに変化があったようだ…F007	
44	2	S「宝物庫」と書かれている	
44	3	フフフ…　Wとうとうやって来たなU！GXこのわしの姿が見えるか？GN愚かC004	
44	4	な人間達の願いによって、わしはこの世界にこうして戻ることができたC005	
44	5	GX少しばかり来るのが遅かったようだなUよGXさあ、まずはおまえの力がC006	
44	6	どれくらいのものか見せてもらおうか！	
44	7	多少はできるようだな…GNしかし、これで終ったわけではないぞGXいよいC008	
44	8	よ、わしは新たな身体を得るGNそして、この世界を焼き尽くすのだ！GXもC009	
44	9	う誰にもわしは止められんのだGNわっはっはっはっ！	
44	10	SF005宙に浮かぶ祭壇の上には、巨大な龍の石像が横たわっていた…GNUC011	
44	11	F005が近付くと、その石像は低い唸りをあげはじめた！F007	
44	12	グググググググ………GXいよいよ…　Wおまえと決着をつける時が来た…C013	
44	13	GNこの龍の強大な力を思い知るがよい…GX行くぞU！	
44	14	おお…W…W…　Wこのわしが…　W敗れるとは…Wその…　Wおまえの力は…	
44	15	Uよ…W　おまえはこのわしとの戦いに勝った…GNよくぞここまで戦った…C016	
44	16	GXおまえのその力は、W人々の平和を望む思いによって、わしの力を上回C017	
44	17	った…GNこのわしの負けだ…GXさあ、アマテラスよ、この世界をおまえのC018	
44	18	光で包んでやるがよい！	
44	19	S「いにしえの龍、この神殿に眠る」と書かれている	
45	0	私は%sの長に、この村をまかされている者だ	
45	1	したがって、長の許しなしに、あなたの話を聞くわけにはいかないのだC002	
45	2	GNどうぞお引き取りください	
45	3	も	
45	4	ん	
45	5	吉	
45	6	の	
45	7	ば	
45	8	か	
45	9	や	
45	10	ろ	
45	11	う	
45	12	！	
45	13	！	
45	14	！	
45	15	！	
45	16	ここに他の村の者は入ってはいかん！N出て行かれよ	
45	17	ここは宝物庫ですN何をしますか？	
45	18	引き出すものがありません	
45	19	これ以上U様は所持品を持てませんGX必要なものがあるのなら、C020	
45	20	不用な品を捨てるか、宝物庫に預けるかしてください	
45	21	この宝物庫にはもう物が入りませんGXどうしてもその品を預けたいならC022	
45	22	何か引き出すか、他の村に預けるなどしてください	
45	23	U様は預けるものがありませんが…	
45	24	鉄鉱などの元になるものがないと武器などは作れないよNC025	
45	25	手に入れたらまたおいで	
45	26	鉄鉱などがあれば武器や防具を作りましょう	
45	27	何を作って欲しいんだい？	
45	28	どれを元に作ればいいんだい？	
45	29	銀塊からは刀しかできないよ	
45	30	残念ですが私の腕ではこの材料は扱えないよN他をあたってくれよ	
45	31	この鉱石からはいいものが作れそうだよN始めていいかな？	
45	32	それではこの村自慢のものを作ってやろう始めていいかな？	
45	33	あまりいいものは期待できないよN始めていいかな？	
45	34	そこそこのものができると思うけどN始めていいかな？	
45	35	できあがりは期待してもらっていいよN始めていいかな？	
45	36	この材料で作れる最高のものができるよN始めていいかな？	
45	37	%sができあがりました	
45	38	原石をお持ちでないようですねNまたおいでください	
45	39	宝石の原石があれば装飾品を作りましょう	
45	40	どれを加工しますか？	
45	41	残念ですが私の腕ではこの材料は扱えませんN他をあたってください	
45	42	この材料で作りますがよろしいですか？	
45	43	まずまずのものができるでしょうNよろしいですか？	
45	44	素晴らしいものをお渡しできることでしょうNよろしいですか？	
45	45	%sができあがりました	
45	46	またどうぞ	
45	47	交換するものがないようだねNまたおいで	
45	48	私の品はすべて珍しいものばかりだよ欲しいものがあれば、C049	
45	49	それに見合う価値のものと交換してあげよう	
45	50	これはあなたが持っていたほうがいいよ	
45	51	これではあなたが損をするよNそれでもいいかな？	
45	52	まあこれならいいかなN交換するかい？	
45	53	交換したらあなたの出した品は手に戻らないがNそれでもいいかな？	
45	54	よし、それでは交換しようNまた来てくれよ！	
45	55	そうですかNでは、やめましょう	
45	56	S所持品がありません	
45	57	ど	
45	58	の	
45	59	Sどれを引き出しますか？	
45	60	Sどれを預けますか？	
45	61	S%sを引き出しますNよろしいですか？	
45	62	S%sを預けますNよろしいですか？	
45	63	Sこれ以上U様は米・木の実を持てません	
45	64	Sこれ以上U様は肉・魚を持てません	
45	65	贈	
45	66	S薬は預けられません	
45	67	Sもう、米・木の実は入りません	
45	68	Sもう、肉・魚は入りません	
45	69	S宝物はありません	
45	70	S道具は一つも持っていません	
45	71	ここにはよい稲がN実りそうだ	
45	72	この土地はきっとNよい耕地になるわ	
45	73	この地形から見て、Nここには何かの鉱脈がNあるに違いない	
45	74	この場所には鉱脈がNあるのでは…	
45	75	こういう場所にはN何か埋まっていることがN多いんだ	
45	76	よくこういう所でNきれいな石を見つけたわ	
45	77	N飾り物のよい材料がN埋まっていそうな土地だ	
45	78	ここには大きくてNきれいな石がありそうよ	
45	79	資源を発掘しますNよろしいですか？	
45	80	残念ながら何も発見できませんでした	
45	81	%sが見つかりましたN量は見当で%w程度とN見受けられます	
45	82	すでに発掘されています	
45	83	S隊列を変更する人物を選択してください	
45	84	S%sのNファイルにセーブします.Nよろしいですか	
45	85	Sどのファイルにセーブしますか？	
45	86	S初期設定に戻りますか？N（いいえの場合はゲームを終了します）	
45	87	Sゲームを終了しますNよろしいですか？	
45	88	SF005特に変わったものはないF007	
45	89	SF005何か仕掛けがあるようだF007	
45	90	SUF005は仕掛けを引いた！F007	
45	91	SUF005は仕掛けを押した！F007	
45	92	SF005もう動かすことはできないようだF007	
45	93	SF005特に変化は見られないF007	
45	94	SF005どこかに変化があったようだF007	
45	95	SF005しかし、持ち物がいっぱいなのであきらめたF007	
45	96	SF005ここには動かせるものはないF007	
45	97	SUは箱を開けた！	
45	98	SF005いろいろ試してみたが、何も起こらなかったF007	
45	99	これではまだ足りないな	
45	100	これ以上、ものを持てないようだねN違うものと交換するか、持ち物をC101	
45	101	宝物庫に預けてくれないか？	
45	102	どうやらこれとは交換できないようだねNほかのものにしてくれないか	
45	103	S使える術はありません	
45	104	S移動できる場所がありません	
45	105	Sここではこの術は使用できません	
45	106	S気力が足りません	
45	107	Sこれは使えません	
45	108	Sこれはここでは使えません	
45	109	Sこの村には誰もいません	
45	110	は毒を受けた	
45	111	は混乱していく	
45	112	は身体がしびれた	
45	113	は眠ってしまった	
45	114	は倒れた	
45	115	は動けなくなった	
45	116	の身体から毒が抜けていく	
45	117	の身体のしびれがとれた	
45	118	は眠りから覚めた	
45	119	は正気に戻った	
45	120	は復活した	
45	121	の効果がなくなった	
45	122	しかし、術は失敗した	
45	123	は毒を受けている	
45	124	は混乱している	
45	125	は身体がしびれて動かない	
45	126	は眠っている	
45	127	は倒れている	
45	128	は動くことができない	
45	129	は術をかわした	
45	130	しかし、何も効果がなかった…	
45	131	しかし、%sには効果がなかった…	
45	132	Sしかし、何も起こらなかった…	
45	133	術の対象がいません	
45	134	SUは長い年月の末に力尽きた…NG葦原中国を救う、希望の光は静かに消えC135	
45	135	てしまった…	
45	136	SUは激しい戦いの末に力尽きた…	
46	0	戦いをしていたほうがいいと思う	
46	1	戦いに力を発揮すると思います	
46	2	戦いをしてこそ力が生きるんだ	
46	3	戦いで敵をなぎ倒したいわ	
46	4	U様の戦いのお手伝いをしたいです	
46	5	村の仕事をしているほうがいい	
46	6	村の仕事をしたいと思います	
46	7	村人と共に働いていたいよ	
46	8	村の仕事をしているほうがいいわ	
46	9	村人の指導をしているほうがいいです	
46	10	最適だ	
46	11	とても合っていると思います	
46	12	ぴったりだと思うよ	
46	13	とっては最高よ	
46	14	は適職です	
46	15	適している	
46	16	はよいと思います	
46	17	はいいんじゃないかな	
46	18	は向いているわ	
46	19	は向いています	
46	20	はあまり適していない	
46	21	はあまり合っていません	
46	22	は向いてないな	
46	23	はまあまあかな	
46	24	は得意とはいえません	
46	25	まったく適していない	
46	26	はまったく合っていません	
46	27	やらせても無駄だよ	
46	28	全然向いてないわよ	
46	29	向いていません	
46	30	すべての村をまとめて、平和な世界にするという使命を与えられた人物でC031	
46	31	すN全体的に優れた能力を持っています	
46	32	%sはF005%sF007のようですN	
46	33	呪力を持つ道具	
46	34	不思議な力を持つ道具	
46	35	%sで作られていますN	
46	36	F005%sF007などの人物が装備できますN	
46	37	武人や猟師	
46	38	神術師や鬼道師	
46	39	戦闘中に使用すると特殊な効果があるようですN	
46	40	またこれはとても貴重なもののようです	
46	41	これを使用するとF005%sF007に効果があるようですN	
46	42	戦闘中に毒を受けたり、麻痺した場合に効果がありますN	
46	43	戦闘中に眠ってしまったり、混乱した場合に効果がありますN	
46	44	戦闘中に使用すると効果があるようですN	
46	45	何か特殊な用途があるようですN	
46	46	道具として使用することはできませんN	
46	47	道具の価値の基本となるものです	
46	48	非常に高い価値があります	
46	49	価値は低いです	
46	50	高い価値があります	
46	51	装飾品や武器の材料になりますNこれ自体には高い価値はありません	
46	52	S住民の健康が損なわれます	
46	53	S住民が暮らしていくには十分です	
46	54	S住民の生活にゆとりが生まれ、N文化の向上も期待できます	
46	55	S土器の作り方や土器による食物の保存法Nなどの技術を高めました	
46	56	S食中毒を起こさないよう毒のある食べ物Nや調理法などの知識を広めました	
46	57	S銅による武器や道具の作り方などのN知識を広めました	
46	58	S漁労に使う網や道具の作り方などのN技術を高めました	
46	59	S鉄による武器や道具の作り方などのN知識を高めました	
46	60	S稲作の意義や重要性などについて、N説明しました	
46	61	S稲作における潅漑や治水など高度な技術Nを広めました	
46	62	S装飾品の材料の知識や製作方法のN技術を高めました	
46	63	S鉄の武器による戦闘の技術を高めました	
46	64	S騎馬による戦闘の知識を深めました	
46	65	F002食料を生産する住民がいませんNこのままでは村の発展は望めませんF007	
46	66	現在、村の食料生産の中心はF006%sF007ですN	
46	67	理想的な状態になっているので、Nさらに稲作を推進するのがよいでしょう	
46	68	ただしF002食料が足りていないのでF007、C142	
46	69	採集はあまり効率のよい職業ではないのNで、他の職業にも力をいれましょう	
46	70	F002食料が足りていないのでNF007食料生産体制を再考してください	
46	71	狩猟は収穫が不安定なので、徐々にN安定した職業に切り替えていくべきNC072	
46	72	でしょう	
46	73	漁労は比較的安定している職業ですがN他の職業に力を入れてもよいでしょう	
46	74	F002食料が足りていないので技術力をあげるNなどの効率化や他の食料生C075	
46	75	産職業のN強化に努めてくださいF007	
46	76	この村には広い平野があるので、N稲作を推進するといいでしょう	
46	77	この村には広い海があるので、N漁労を中心に生産をするとよいでしょう	
46	78	山がちなので狩猟や採集を中心にし、N徐々に開拓を進めるようにしましC079	
46	79	ょうNまた資源の調査をするとよいでしょう	
46	80	山や平地を平均的に持っているのでN稲作を中心に手広く安定した食料供C081	
46	81	給ができるようにしましょう	
46	82	この村は土地が狭いので、文化や職業のN技術力を高め、効率のよい食料C083	
46	83	生産をするようにしましょう	
46	84	現在の人口の比率は理想的です	
46	85	人口の比率は良い状態で、住民に過度のN労働を強いる必要もありません	
46	86	食料生産に就いている住民が多いです	
46	87	食料生産に就いている住民が多く、NF002住民は過度の労働を強いられてC088	
46	88	いますF007	
46	89	文化の普及や軍備の強化に力を入れるNべきでしょう	
46	90	しかし、まだF002食料生産量が足りませんF007N食料生産の住民を増やしC091	
46	91	、人口の減少をN防ぐべきでしょう	
46	92	食料には余裕があるので、文化の向上やN軍備の充実などを目指しましょう	
46	93	しかし、現状ではF002食料が足りないのでF007N食料生産の住民数を増やC094	
46	94	すなどして、N人口の減少を防ぐべきでしょう	
46	95	各食料生産の技術を向上させるなどしてN徐々に文化的職業の人数を増やC096	
46	96	していくNべきでしょう	
46	97	しかし、まだF002生産が十分ではないF007のでN食料生産の住民をさらにC098	
46	98	増やすか、技術N力を向上させるとよいでしょう	
46	99	余裕ができたところで、文化的職業にもN力を入れていくとよいでしょう	
46	100	しかも食料はF002十分に生産されていませんF007N各食料生産職業の技術C101	
46	101	を向上させるなどNもっと効率化に努めましょう	
46	102	早く食料生産を安定させ、３０００人を越える村を目指しましょう	
46	103	軍事力や鍛冶などの文化的な職業Nにも力をいれましょう	
46	104	より村を発展させるために、技術N力の向上や文化の普及、軍事力の強化C105	
46	105	なNどを行なうべきでしょう	
46	106	生産は十分ですが、そろそろ耕地Nが足りなくなっているようですN新たなC107	
46	107	耕地を開拓するべきでしょう	
46	108	しかし狩猟の住民が多く、このまNまでは乱獲によって、土地価値の大幅C109	
46	109	なN減少を引き起こす可能性があります	
46	110	%sできる%sがいません	
46	111	%sできる%sがありません	
46	112	供給を受ける%sがいません	
46	113	%sする必要はありません	
46	114	現在%s中です	
46	115	手の空いている住民が少なく実行でNきませんN他の季節に行なってください	
46	116	耕地がありません	
46	117	現在、耕地には稲が植えられているNため実行できません	
46	118	鍛冶と玉造の住民がいません	
46	119	発見された資源がありません	
46	120	文化度が足りません	
46	121	文化はもう十分に広まっています	
46	122	村に誰もいなくなってしまいます	
46	123	命令を受けている人物がいません	
46	124	仲間を変更できません	
46	125	軽装の予備兵がいません	
46	126	軽装の予備兵が少なすぎます	
46	127	予備兵を配分できません	
46	128	攻め込める村がありません	
46	129	住民と軽装兵がいません	
46	130	私の剣の腕をお見せしよう	
46	131	あなたと共に戦えて光栄です	
46	132	私の術をお目にかけましょう	
46	133	術の力をお見せしましょう	
46	134	私の術でお助けしましょう	
46	135	神の力でお助けします	
46	136	おれの腕を見せてやるよ	
46	137	あたしの腕を見せてあげるわ	
46	138	足手まといにならぬようがんばります	
46	139	戦いは苦手ですが、がんばります	
46	140	戦いは得意ではありませんが…	
46	141	ちょっと戦いは…	
46	142	現状でNは狩猟など他の職業に力を入れ、N食料充足に努めましょう	
