index	offset	name_ja	name_zh	record_hex
0	0x0000	漆黒の大蛇		0064000000021a0c0a0a00000000460030004e0000003d281600
1	0x002a	血潮の百足		0064000000021c0c0a0a00000000580030004e000000590a1a00
2	0x0054	大まむし		0009000000010c083c280000000024001c0030000000531e0500
3	0x007e	大百足		000a000000010c081e0a0000000024001c0032000000521e0400
4	0x00a8	黄泉醜女		000f000a0001160a463c010100002600240038004a0015050a00
5	0x00d2	黄泉軍士		001200000001120a4641000000002a001e0040000000010a0800
6	0x00fc	毒蜂		000c00000002100c0a0a000000002600320036000000530a0600
7	0x0126	タケヒラトリ		001c000800041808141e010000004e0032004e003800040f1200
8	0x0150	イズモ兵士		0010000000021208280a0000000046002e003e000000ff000c00
9	0x017a	つちぐも		0012000000021c0c2828000000005000360054000000000a0a00
10	0x01a4	山賊子分		001200000002240c1e0a000000005400480058000000260a1400
11	0x01ce	大ねずみ		001600000001180f3c50000000005800320043000000ff000e00
12	0x01f8	つちのこ		001400020001220a0a0a000008004e003a0040003c0052281000
13	0x0222	タヂカラ		0032001e00042a0c0a28030000006e00500078006400ff002200
14	0x024c	頚斬りがに		0014000000021e0d3c0a00000000ac004a00640000006e051800
15	0x0276	赤鬼		001c00000003260c1e1e000000008e0050008400000016191c00
16	0x02a0	青鬼		001c000e0003260c1e1e03090000940062007a005800ff001c00
17	0x02ca	鰐		001800000002200a2d460000000082004a006c000000ff001600
18	0x02f4	牛鬼		0064000a00022e0c1e0a04000500640070008600690058506400
19	0x031e	古狸		0019001200042a0c3c5000000005a0005a007c00820048051c00
20	0x0348	赤いのしし		001c000c0002260a2d46000001009400480084006e0051051c00
21	0x0372	岩押分		0026000000022e0e0a1e0000000094006400760000005b052200
22	0x039c	妖古樹		002a000a00011e080a0a0600c0008c0044007600580054191e00
23	0x03c6	九尾狐		0020001600042c0c282800260001b4006e0070006e0040192400
24	0x03f0	吹雪の熊		0050000a00032c10465000000400ac00640098008a0078032c00
25	0x041a	銀狼		0038000c00032a100a1400000008bc0064008600800050052a00
26	0x0444	雷獣		0030000c000434120a1e00000002a200b60092008a0064082600
27	0x046e	氷大鷲		0037000c00033012282800000400ac008a0080007a006b052a00
28	0x0498	白いのしし		0064002a00043412322804440002780074009e008e0018500c00
29	0x04c2	サザナギ		0048002400053e160a324120000048012c01f000a8000a507000
30	0x04ec	海賊子分		003e00120004361214281144000032011801d2008e00ff005800
31	0x0516	ヤマタノオロチ		00640034000540141414000009006d01b000ff00f50056504401
32	0x0540	大こうもり		00300018000232120a28000000086801480098007e00ff003600
33	0x056a	硫黄とかげ		0039001800032e100a0a00002008fa006c00aa00800059052b00
34	0x0594	妖蛾		002c001800032e140a0a00004000fa006e0098008a0057232b00
35	0x05be	火炎百足		00300010000332100a0a0000030072014100ac008c001b0a3900
36	0x05e8	吸血蛭		003e0000000236102832000000002201780096000000ff003c00
37	0x0612	動くねば土		003c001800043a102850800000043b010e01af00800077054200
38	0x063c	毒ガマ		0040000c0003341214280000280022016400b900800058053e00
39	0x0666	鬼火		003c001c000436120a0a000200081c011801b900b4007b0f4800
40	0x0690	サンショウウオ		00640000000442120a3c000000008c00b4002701000079329801
41	0x06ba	雷神		00440020000436160a14004100022c01be00ce008c006f035c00
42	0x06e4	風神		00420020000434180a140a2400002e01be00c0009b001a195c00
43	0x070e	天邪鬼		0036003800032e1a0a14009000012202ee02be00ac006a055600
44	0x0738	炎の土偶		004800380004441e4646001002006001da00d800a40039056200
45	0x0762	雷の土偶		0040002000043e160a14b000002260010601de00980076056200
46	0x078c	死霊兵士		0056002000053e160a1400000c007e01dc002201b6005a0f7a00
47	0x07b6	骸骨兵士		0064000000044412051400000000ae019001360100005b0f7c00
48	0x07e0	動く石像		001600000005400b050500000000b80bb80b9a0100004c059600
49	0x080a	死人使い		005c003000043e120a0a266a0000ae01bc022c01c000390a7600
50	0x0834	ヤマ神官		00b4007800054a16140a60300060900158024001e0001c647002
51	0x085e	水晶のどくろ		00480064000548180a280400800790016402c600a4004e058800
52	0x0888	鉄魔神		00a000000004480f0a0a0000000008029001f4010000ff00a800
53	0x08b2	影戦士		0078000000044412502800000000cc01bc02a40100005a149a00
54	0x08dc	蜃気龍		00c800c800044a17140a0400010290017c018b01f0005628a200
55	0x0906	ヤマ兵士		0096003c00044e160a0a00020008ae01a401a401dc005b19aa00
56	0x0930	スサノオ霊体		002c01f000055c14280a00000050f401a401a40122013b501403
57	0x095a	邪神の龍		002c01dc050564180a14000001c0f401f40126024f01ff000005
58	0x0984	ワカタラビコ		0044000c00033a1228280248000022010601da009a000c647a00
59	0x09ae	ワナミ村兵士		003e000c00023010141e000500001001f800c4007a00ff006200
60	0x09d8	ⅠⅡⅢⅣⅤⅥⅦ		00000000000000000000000000000000000000000000ff000000
61	0x0a02	ⅠⅡⅢⅣⅤⅥⅦ		00000000000000000000000000000000000000000000ff000000
62	0x0a2c	ⅠⅡⅢⅣⅤⅥⅦ		00000000000000000000000000000000000000000000ff000000
63	0x0a56	ⅠⅡⅢⅣⅤⅥⅦ		00000000000000000000000000000000000000000000ff000000
64	0x0a80	ⅠⅡⅢⅣⅤⅥⅦ		00000000000000000000000000000000000000000000ff000000
65	0x0aaa	ⅠⅡⅢⅣⅤⅥⅦ		00000000000000000000000000000000000000000000ff000000
66	0x0ad4	ⅠⅡⅢⅣⅤⅥⅦ		00000000000000000000000000000000000000000000ff000000
67	0x0afe	ⅠⅡⅢⅣⅤⅥⅦ		00000000000000000000000000000000000000000000ff000000
68	0x0b28	ⅠⅡⅢⅣⅤⅥⅦ		00000000000000000000000000000000000000000000ff000000
69	0x0b52	ⅠⅡⅢⅣⅤⅥⅦ		00000000000000000000000000000000000000000000ff000000
